0.08333333333333333,0.14285714285714285,0.275,0.10526315789473685,0.4339285714285714,0.23868312757201646,0.3218251521733946,0.3634786423257188,-0.1078941910511638,0.40452424942320553,0.14285714285714285,0.14285714285714285,0.14285714285714285,0.14893617021276595,4.0
0.1,0.14285714285714285,0.225,0.11764705882352941,0.4589285714285714,0.24124513618677043,0.3327375628243462,0.3733745626169408,-0.071457523090138,0.4731349918869856,0.14285714285714285,0.16666666666666666,0.15384615384615383,0.1276595744680851,3.0
0.09090909090909091,0.14285714285714285,0.25,0.1111111111111111,0.4464285714285714,0.24,0.32732683535398854,0.3686546596548683,-0.0900937462695559,0.43908513705138663,0.14285714285714285,0.16666666666666666,0.15384615384615383,0.1276595744680851,3.0
0.09090909090909091,0.14285714285714285,0.25,0.1111111111111111,0.4464285714285714,0.24,0.32732683535398854,0.3686546596548683,-0.0900937462695559,0.43908513705138663,0.14285714285714285,0.16666666666666666,0.15384615384615383,0.1276595744680851,3.0
0.1,0.14285714285714285,0.225,0.11764705882352941,0.4589285714285714,0.24124513618677043,0.3327375628243462,0.3733745626169408,-0.071457523090138,0.4731349918869856,0.14285714285714285,0.16666666666666666,0.15384615384615383,0.1276595744680851,3.0
0.09090909090909091,0.14285714285714285,0.25,0.1111111111111111,0.4464285714285714,0.24,0.32732683535398854,0.3686546596548683,-0.0900937462695559,0.43908513705138663,0.14285714285714285,0.16666666666666666,0.15384615384615383,0.1276595744680851,3.0
0.07692307692307693,0.14285714285714285,0.3,0.1,0.4214285714285714,0.23728813559322035,0.31622776601683794,0.3578575401240701,-0.12507270025494252,0.39167061008227333,0.14285714285714285,0.14285714285714285,0.14285714285714285,0.14893617021276595,5.0
0.08333333333333333,0.14285714285714285,0.275,0.10526315789473685,0.4339285714285714,0.23868312757201646,0.3218251521733946,0.3634786423257188,-0.1078941910511638,0.40452424942320553,0.14285714285714285,0.14285714285714285,0.14285714285714285,0.14893617021276595,4.0
0.09090909090909091,0.14285714285714285,0.25,0.1111111111111111,0.4464285714285714,0.24,0.32732683535398854,0.3686546596548683,-0.0900937462695559,0.43908513705138663,0.14285714285714285,0.16666666666666666,0.15384615384615383,0.1276595744680851,3.0
0.09090909090909091,0.14285714285714285,0.25,0.1111111111111111,0.4464285714285714,0.24,0.32732683535398854,0.3686546596548683,-0.0900937462695559,0.43908513705138663,0.14285714285714285,0.16666666666666666,0.15384615384615383,0.1276595744680851,3.0
0.09090909090909091,0.14285714285714285,0.25,0.1111111111111111,0.4464285714285714,0.24,0.32732683535398854,0.3686546596548683,-0.0900937462695559,0.43908513705138663,0.14285714285714285,0.16666666666666666,0.15384615384615383,0.1276595744680851,3.0
0.09090909090909091,0.14285714285714285,0.25,0.1111111111111111,0.4464285714285714,0.24,0.32732683535398854,0.3686546596548683,-0.0900937462695559,0.43908513705138663,0.14285714285714285,0.16666666666666666,0.15384615384615383,0.1276595744680851,3.0
0.09090909090909091,0.14285714285714285,0.25,0.1111111111111111,0.4464285714285714,0.24,0.32732683535398854,0.3686546596548683,-0.0900937462695559,0.43908513705138663,0.14285714285714285,0.16666666666666666,0.15384615384615383,0.1276595744680851,3.0
0.09090909090909091,0.14285714285714285,0.25,0.1111111111111111,0.4464285714285714,0.24,0.32732683535398854,0.3686546596548683,-0.0900937462695559,0.43908513705138663,0.14285714285714285,0.16666666666666666,0.15384615384615383,0.1276595744680851,3.0
0.09090909090909091,0.14285714285714285,0.25,0.1111111111111111,0.4464285714285714,0.24,0.32732683535398854,0.3686546596548683,-0.0900937462695559,0.43908513705138663,0.14285714285714285,0.16666666666666666,0.15384615384615383,0.1276595744680851,3.0
0.09090909090909091,0.14285714285714285,0.25,0.1111111111111111,0.4464285714285714,0.24,0.32732683535398854,0.3686546596548683,-0.0900937462695559,0.43908513705138663,0.14285714285714285,0.16666666666666666,0.15384615384615383,0.1276595744680851,3.0
0.09090909090909091,0.14285714285714285,0.25,0.1111111111111111,0.4464285714285714,0.24,0.32732683535398854,0.3686546596548683,-0.0900937462695559,0.43908513705138663,0.14285714285714285,0.16666666666666666,0.15384615384615383,0.1276595744680851,3.0
0.09090909090909091,0.14285714285714285,0.25,0.1111111111111111,0.4464285714285714,0.24,0.32732683535398854,0.3686546596548683,-0.0900937462695559,0.43908513705138663,0.14285714285714285,0.16666666666666666,0.15384615384615383,0.1276595744680851,3.0
0.09090909090909091,0.14285714285714285,0.25,0.1111111111111111,0.4464285714285714,0.24,0.32732683535398854,0.3686546596548683,-0.0900937462695559,0.4385741042588044,0.14285714285714285,0.14285714285714285,0.14285714285714285,0.14893617021276595,4.0
0.09090909090909091,0.14285714285714285,0.25,0.1111111111111111,0.4464285714285714,0.24,0.32732683535398854,0.3686546596548683,-0.0900937462695559,0.43908513705138663,0.14285714285714285,0.16666666666666666,0.15384615384615383,0.1276595744680851,3.0
0.1,0.14285714285714285,0.225,0.11764705882352941,0.4589285714285714,0.24124513618677043,0.3327375628243462,0.3733745626169408,-0.071457523090138,0.4731349918869856,0.14285714285714285,0.16666666666666666,0.15384615384615383,0.1276595744680851,3.0
0.1111111111111111,0.14285714285714285,0.2,0.125,0.4714285714285714,0.24242424242424243,0.3380617018914066,0.37762797397737247,-0.05170444895529875,0.4954628851340942,0.14285714285714285,0.16666666666666666,0.15384615384615383,0.1276595744680851,3.0
0.09090909090909091,0.14285714285714285,0.25,0.1111111111111111,0.4464285714285714,0.24,0.32732683535398854,0.3686546596548683,-0.0900937462695559,0.43908513705138663,0.14285714285714285,0.16666666666666666,0.15384615384615383,0.1276595744680851,3.0
0.1111111111111111,0.14285714285714285,0.2,0.125,0.4714285714285714,0.24242424242424243,0.3380617018914066,0.37762797397737247,-0.05170444895529875,0.485485197776067,0.14285714285714285,0.16666666666666666,0.15384615384615383,0.1276595744680851,2.0
0.09090909090909091,0.14285714285714285,0.25,0.1111111111111111,0.4464285714285714,0.24,0.32732683535398854,0.3686546596548683,-0.0900937462695559,0.43908513705138663,0.14285714285714285,0.16666666666666666,0.15384615384615383,0.1276595744680851,3.0
0.08333333333333333,0.14285714285714285,0.275,0.10526315789473685,0.4339285714285714,0.23868312757201646,0.3218251521733946,0.3634786423257188,-0.1078941910511638,0.40452424942320553,0.14285714285714285,0.14285714285714285,0.14285714285714285,0.14893617021276595,4.0
0.1,0.14285714285714285,0.225,0.11764705882352941,0.4589285714285714,0.24124513618677043,0.3327375628243462,0.3733745626169408,-0.071457523090138,0.4731349918869856,0.14285714285714285,0.16666666666666666,0.15384615384615383,0.1276595744680851,3.0
0.125,0.14285714285714285,0.175,0.13333333333333333,0.4839285714285714,0.24354243542435425,0.34330328116279757,0.3814052709766189,-0.03044992286029313,0.5195350526116659,0.14285714285714285,0.16666666666666666,0.15384615384615383,0.1276595744680851,2.0
0.09090909090909091,0.14285714285714285,0.25,0.1111111111111111,0.4464285714285714,0.24,0.32732683535398854,0.3686546596548683,-0.0900937462695559,0.43908513705138663,0.14285714285714285,0.16666666666666666,0.15384615384615383,0.1276595744680851,3.0
0.1,0.14285714285714285,0.225,0.11764705882352941,0.4589285714285714,0.24124513618677043,0.3327375628243462,0.3733745626169408,-0.071457523090138,0.4665338091596831,0.14285714285714285,0.16666666666666666,0.15384615384615383,0.1276595744680851,3.0
0.08333333333333333,0.14285714285714285,0.275,0.10526315789473685,0.4339285714285714,0.23868312757201646,0.3218251521733946,0.3634786423257188,-0.1078941910511638,0.40452424942320553,0.14285714285714285,0.14285714285714285,0.14285714285714285,0.14893617021276595,4.0
0.1,0.14285714285714285,0.225,0.11764705882352941,0.4589285714285714,0.24124513618677043,0.3327375628243462,0.3733745626169408,-0.071457523090138,0.4731349918869856,0.14285714285714285,0.16666666666666666,0.15384615384615383,0.1276595744680851,3.0
0.09090909090909091,0.14285714285714285,0.25,0.1111111111111111,0.4464285714285714,0.24,0.32732683535398854,0.3686546596548683,-0.0900937462695559,0.43908513705138663,0.14285714285714285,0.16666666666666666,0.15384615384615383,0.1276595744680851,3.0
0.08333333333333333,0.14285714285714285,0.275,0.10526315789473685,0.4339285714285714,0.23868312757201646,0.3218251521733946,0.3634786423257188,-0.1078941910511638,0.40452424942320553,0.14285714285714285,0.14285714285714285,0.14285714285714285,0.14893617021276595,4.0
0.09090909090909091,0.14285714285714285,0.25,0.1111111111111111,0.4464285714285714,0.24,0.32732683535398854,0.3686546596548683,-0.0900937462695559,0.43908513705138663,0.14285714285714285,0.16666666666666666,0.15384615384615383,0.1276595744680851,3.0
0.1111111111111111,0.14285714285714285,0.2,0.125,0.4714285714285714,0.24242424242424243,0.3380617018914066,0.37762797397737247,-0.05170444895529875,0.49720715936455717,0.14285714285714285,0.16666666666666666,0.15384615384615383,0.1276595744680851,2.0
0.09090909090909091,0.14285714285714285,0.25,0.1111111111111111,0.4464285714285714,0.24,0.32732683535398854,0.3686546596548683,-0.0900937462695559,0.43908513705138663,0.14285714285714285,0.16666666666666666,0.15384615384615383,0.1276595744680851,3.0
0.09090909090909091,0.14285714285714285,0.25,0.1111111111111111,0.4464285714285714,0.24,0.32732683535398854,0.3686546596548683,-0.0900937462695559,0.43908513705138663,0.14285714285714285,0.16666666666666666,0.15384615384615383,0.1276595744680851,3.0
0.09090909090909091,0.14285714285714285,0.25,0.1111111111111111,0.4464285714285714,0.24,0.32732683535398854,0.3686546596548683,-0.0900937462695559,0.43908513705138663,0.14285714285714285,0.16666666666666666,0.15384615384615383,0.1276595744680851,3.0
0.09090909090909091,0.14285714285714285,0.25,0.1111111111111111,0.4464285714285714,0.24,0.32732683535398854,0.3686546596548683,-0.0900937462695559,0.43908513705138663,0.14285714285714285,0.16666666666666666,0.15384615384615383,0.1276595744680851,3.0
0.1,0.14285714285714285,0.225,0.11764705882352941,0.4589285714285714,0.24124513618677043,0.3327375628243462,0.3733745626169408,-0.071457523090138,0.4731349918869856,0.14285714285714285,0.16666666666666666,0.15384615384615383,0.1276595744680851,3.0
0.09090909090909091,0.14285714285714285,0.25,0.1111111111111111,0.4464285714285714,0.24,0.32732683535398854,0.3686546596548683,-0.0900937462695559,0.43908513705138663,0.14285714285714285,0.16666666666666666,0.15384615384615383,0.1276595744680851,3.0
0.09090909090909091,0.14285714285714285,0.25,0.1111111111111111,0.4464285714285714,0.24,0.32732683535398854,0.3686546596548683,-0.0900937462695559,0.43908513705138663,0.14285714285714285,0.16666666666666666,0.15384615384615383,0.1276595744680851,3.0
0.125,0.14285714285714285,0.175,0.13333333333333333,0.4839285714285714,0.24354243542435425,0.34330328116279757,0.3814052709766189,-0.03044992286029313,0.5195350526116659,0.14285714285714285,0.16666666666666666,0.15384615384615383,0.1276595744680851,2.0
0.08333333333333333,0.14285714285714285,0.275,0.10526315789473685,0.4339285714285714,0.23868312757201646,0.3218251521733946,0.3634786423257188,-0.1078941910511638,0.40452424942320553,0.14285714285714285,0.14285714285714285,0.14285714285714285,0.14893617021276595,4.0
0.1,0.14285714285714285,0.225,0.11764705882352941,0.4589285714285714,0.24124513618677043,0.3327375628243462,0.3733745626169408,-0.071457523090138,0.4731349918869856,0.14285714285714285,0.16666666666666666,0.15384615384615383,0.1276595744680851,3.0
0.09090909090909091,0.14285714285714285,0.25,0.1111111111111111,0.4464285714285714,0.24,0.32732683535398854,0.3686546596548683,-0.0900937462695559,0.43908513705138663,0.14285714285714285,0.16666666666666666,0.15384615384615383,0.1276595744680851,3.0
0.1,0.14285714285714285,0.225,0.11764705882352941,0.4589285714285714,0.24124513618677043,0.3327375628243462,0.3733745626169408,-0.071457523090138,0.46141303029849534,0.14285714285714285,0.16666666666666666,0.15384615384615383,0.1276595744680851,3.0
0.1111111111111111,0.14285714285714285,0.2,0.125,0.4714285714285714,0.24242424242424243,0.3380617018914066,0.37762797397737247,-0.05170444895529875,0.49720715936455717,0.14285714285714285,0.16666666666666666,0.15384615384615383,0.1276595744680851,2.0
0.09090909090909091,0.14285714285714285,0.25,0.1111111111111111,0.4464285714285714,0.24,0.32732683535398854,0.3686546596548683,-0.0900937462695559,0.43908513705138663,0.14285714285714285,0.16666666666666666,0.15384615384615383,0.1276595744680851,3.0
