0.13333333333333333,0.2857142857142857,0.325,0.18181818181818182,0.48035714285714287,0.4014869888475837,0.43915503282683993,0.44509952170111944,-0.030004959907448954,0.45098095512447633,0.2857142857142857,0.25,0.26666666666666666,0.1702127659574468,2.0
0.2,0.42857142857142855,0.3,0.27272727272727276,0.5642857142857143,0.5316455696202531,0.5477225575051661,0.5436390615724775,0.09819805060619657,0.5632076387715315,0.42857142857142855,0.375,0.39999999999999997,0.1702127659574468,2.0
0.1875,0.42857142857142855,0.325,0.26086956521739124,0.5517857142857143,0.5242718446601942,0.5378528742004771,0.5351582999316338,0.0778176558218229,0.538521290465688,0.42857142857142855,0.375,0.39999999999999997,0.1702127659574468,2.0
0.1875,0.42857142857142855,0.325,0.26086956521739124,0.5517857142857143,0.5242718446601942,0.5378528742004771,0.5351582999316338,0.0778176558218229,0.538521290465688,0.42857142857142855,0.375,0.39999999999999997,0.1702127659574468,2.0
0.1875,0.42857142857142855,0.325,0.26086956521739124,0.5517857142857143,0.5242718446601942,0.5378528742004771,0.5351582999316338,0.0778176558218229,0.538521290465688,0.42857142857142855,0.375,0.39999999999999997,0.1702127659574468,2.0
0.07142857142857142,0.14285714285714285,0.325,0.09523809523809523,0.4089285714285714,0.23580786026200876,0.3105295017040594,0.3518029321452385,-0.1417980219722774,0.36873760622433494,0.14285714285714285,0.125,0.13333333333333333,0.1702127659574468,6.0
0.13333333333333333,0.2857142857142857,0.325,0.18181818181818182,0.48035714285714287,0.4014869888475837,0.43915503282683993,0.44509952170111944,-0.030004959907448954,0.45098095512447633,0.2857142857142857,0.25,0.26666666666666666,0.1702127659574468,2.0
0.2,0.42857142857142855,0.3,0.27272727272727276,0.5642857142857143,0.5316455696202531,0.5477225575051661,0.5436390615724775,0.09819805060619657,0.5632076387715315,0.42857142857142855,0.375,0.39999999999999997,0.1702127659574468,2.0
0.14285714285714285,0.2857142857142857,0.3,0.19047619047619047,0.49285714285714277,0.4057971014492754,0.4472135954999579,0.45218430031959966,-0.011121413488021757,0.48060457309148874,0.2857142857142857,0.25,0.26666666666666666,0.1702127659574468,2.0
0.1875,0.42857142857142855,0.325,0.26086956521739124,0.5517857142857143,0.5242718446601942,0.5378528742004771,0.5351582999316338,0.0778176558218229,0.538521290465688,0.42857142857142855,0.375,0.39999999999999997,0.1702127659574468,2.0
0.13333333333333333,0.2857142857142857,0.325,0.18181818181818182,0.48035714285714287,0.4014869888475837,0.43915503282683993,0.44509952170111944,-0.030004959907448954,0.45098095512447633,0.2857142857142857,0.25,0.26666666666666666,0.1702127659574468,2.0
0.1875,0.42857142857142855,0.325,0.26086956521739124,0.5517857142857143,0.5242718446601942,0.5378528742004771,0.5351582999316338,0.0778176558218229,0.538521290465688,0.42857142857142855,0.375,0.39999999999999997,0.1702127659574468,2.0
0.13333333333333333,0.2857142857142857,0.325,0.18181818181818182,0.48035714285714287,0.4014869888475837,0.43915503282683993,0.44509952170111944,-0.030004959907448954,0.45098095512447633,0.2857142857142857,0.25,0.26666666666666666,0.1702127659574468,2.0
0.14285714285714285,0.2857142857142857,0.3,0.19047619047619047,0.49285714285714277,0.4057971014492754,0.4472135954999579,0.45218430031959966,-0.011121413488021757,0.48060457309148874,0.2857142857142857,0.25,0.26666666666666666,0.1702127659574468,2.0
0.14285714285714285,0.2857142857142857,0.3,0.19047619047619047,0.49285714285714277,0.4057971014492754,0.4472135954999579,0.45218430031959966,-0.011121413488021757,0.48060457309148874,0.2857142857142857,0.25,0.26666666666666666,0.1702127659574468,2.0
0.14285714285714285,0.2857142857142857,0.3,0.19047619047619047,0.49285714285714277,0.4057971014492754,0.4472135954999579,0.45218430031959966,-0.011121413488021757,0.48060457309148874,0.2857142857142857,0.25,0.26666666666666666,0.1702127659574468,2.0
0.1875,0.42857142857142855,0.325,0.26086956521739124,0.5517857142857143,0.5242718446601942,0.5378528742004771,0.5351582999316338,0.0778176558218229,0.538521290465688,0.42857142857142855,0.375,0.39999999999999997,0.1702127659574468,2.0
0.13333333333333333,0.2857142857142857,0.325,0.18181818181818182,0.48035714285714287,0.4014869888475837,0.43915503282683993,0.44509952170111944,-0.030004959907448954,0.45098095512447633,0.2857142857142857,0.25,0.26666666666666666,0.1702127659574468,2.0
0.1875,0.42857142857142855,0.325,0.26086956521739124,0.5517857142857143,0.5242718446601942,0.5378528742004771,0.5351582999316338,0.0778176558218229,0.538521290465688,0.42857142857142855,0.375,0.39999999999999997,0.1702127659574468,2.0
0.2,0.42857142857142855,0.3,0.27272727272727276,0.5642857142857143,0.5316455696202531,0.5477225575051661,0.5436390615724775,0.09819805060619657,0.5632076387715315,0.42857142857142855,0.375,0.39999999999999997,0.1702127659574468,2.0
0.1875,0.42857142857142855,0.325,0.26086956521739124,0.5517857142857143,0.5242718446601942,0.5378528742004771,0.5351582999316338,0.0778176558218229,0.538521290465688,0.42857142857142855,0.375,0.39999999999999997,0.1702127659574468,2.0
0.1875,0.42857142857142855,0.325,0.26086956521739124,0.5517857142857143,0.5242718446601942,0.5378528742004771,0.5351582999316338,0.0778176558218229,0.538521290465688,0.42857142857142855,0.375,0.39999999999999997,0.1702127659574468,2.0
0.14285714285714285,0.2857142857142857,0.3,0.19047619047619047,0.49285714285714277,0.4057971014492754,0.4472135954999579,0.45218430031959966,-0.011121413488021757,0.48060457309148874,0.2857142857142857,0.25,0.26666666666666666,0.1702127659574468,2.0
0.13333333333333333,0.2857142857142857,0.325,0.18181818181818182,0.48035714285714287,0.4014869888475837,0.43915503282683993,0.44509952170111944,-0.030004959907448954,0.45098095512447633,0.2857142857142857,0.25,0.26666666666666666,0.1702127659574468,2.0
0.13333333333333333,0.2857142857142857,0.325,0.18181818181818182,0.48035714285714287,0.4014869888475837,0.43915503282683993,0.44509952170111944,-0.030004959907448954,0.45098095512447633,0.2857142857142857,0.25,0.26666666666666666,0.1702127659574468,2.0
0.1875,0.42857142857142855,0.325,0.26086956521739124,0.5517857142857143,0.5242718446601942,0.5378528742004771,0.5351582999316338,0.0778176558218229,0.538521290465688,0.42857142857142855,0.375,0.39999999999999997,0.1702127659574468,2.0
0.13333333333333333,0.2857142857142857,0.325,0.18181818181818182,0.48035714285714287,0.4014869888475837,0.43915503282683993,0.44509952170111944,-0.030004959907448954,0.45098095512447633,0.2857142857142857,0.25,0.26666666666666666,0.1702127659574468,2.0
0.13333333333333333,0.2857142857142857,0.325,0.18181818181818182,0.48035714285714287,0.4014869888475837,0.43915503282683993,0.44509952170111944,-0.030004959907448954,0.45098095512447633,0.2857142857142857,0.25,0.26666666666666666,0.1702127659574468,2.0
0.13333333333333333,0.2857142857142857,0.325,0.18181818181818182,0.48035714285714287,0.4014869888475837,0.43915503282683993,0.44509952170111944,-0.030004959907448954,0.45098095512447633,0.2857142857142857,0.25,0.26666666666666666,0.1702127659574468,2.0
0.14285714285714285,0.2857142857142857,0.3,0.19047619047619047,0.49285714285714277,0.4057971014492754,0.4472135954999579,0.45218430031959966,-0.011121413488021757,0.48060457309148874,0.2857142857142857,0.25,0.26666666666666666,0.1702127659574468,2.0
