0.514124294,0.716535433,0.36440678,0.598684211,0.676064327,0.673641613,0.674851883,0.673545974,0.335982086,0.652596421,0.283464567,0.375,0.322869955,0.26446281,5
0.514124294,0.716535433,0.36440678,0.598684211,0.676064327,0.673641613,0.674851883,0.673545974,0.335982086,0.652596421,0.283464567,0.375,0.322869955,0.26446281,5
0.514124294,0.716535433,0.36440678,0.598684211,0.676064327,0.673641613,0.674851883,0.673545974,0.335982086,0.652596421,0.283464567,0.375,0.322869955,0.26446281,5
0.514124294,0.716535433,0.36440678,0.598684211,0.676064327,0.673641613,0.674851883,0.673545974,0.335982086,0.652596421,0.283464567,0.375,0.322869955,0.26446281,5
0.514124294,0.716535433,0.36440678,0.598684211,0.676064327,0.673641613,0.674851883,0.673545974,0.335982086,0.652596421,0.283464567,0.375,0.322869955,0.26446281,5
0.514124294,0.716535433,0.36440678,0.598684211,0.676064327,0.673641613,0.674851883,0.673545974,0.335982086,0.652596421,0.283464567,0.375,0.322869955,0.26446281,5
0.514124294,0.716535433,0.36440678,0.598684211,0.676064327,0.673641613,0.674851883,0.673545974,0.335982086,0.652596421,0.283464567,0.375,0.322869955,0.26446281,5
0.514124294,0.716535433,0.36440678,0.598684211,0.676064327,0.673641613,0.674851883,0.673545974,0.335982086,0.652596421,0.283464567,0.375,0.322869955,0.26446281,5
0.514124294,0.716535433,0.36440678,0.598684211,0.676064327,0.673641613,0.674851883,0.673545974,0.335982086,0.652596421,0.283464567,0.375,0.322869955,0.26446281,5
0.514124294,0.716535433,0.36440678,0.598684211,0.676064327,0.673641613,0.674851883,0.673545974,0.335982086,0.652596421,0.283464567,0.375,0.322869955,0.26446281,5
0.514124294,0.716535433,0.36440678,0.598684211,0.676064327,0.673641613,0.674851883,0.673545974,0.335982086,0.652596421,0.283464567,0.375,0.322869955,0.26446281,5
0.514124294,0.716535433,0.36440678,0.598684211,0.676064327,0.673641613,0.674851883,0.673545974,0.335982086,0.652596421,0.283464567,0.375,0.322869955,0.26446281,5
0.514124294,0.716535433,0.36440678,0.598684211,0.676064327,0.673641613,0.674851883,0.673545974,0.335982086,0.652596421,0.283464567,0.375,0.322869955,0.26446281,5
0.514124294,0.716535433,0.36440678,0.598684211,0.676064327,0.673641613,0.674851883,0.673545974,0.335982086,0.652596421,0.283464567,0.375,0.322869955,0.26446281,5
0.514124294,0.716535433,0.36440678,0.598684211,0.676064327,0.673641613,0.674851883,0.673545974,0.335982086,0.652596421,0.283464567,0.375,0.322869955,0.26446281,5
0.514124294,0.716535433,0.36440678,0.598684211,0.676064327,0.673641613,0.674851883,0.673545974,0.335982086,0.652596421,0.283464567,0.375,0.322869955,0.26446281,5
0.514124294,0.716535433,0.36440678,0.598684211,0.676064327,0.673641613,0.674851883,0.673545974,0.335982086,0.652596421,0.283464567,0.375,0.322869955,0.26446281,5
0.514124294,0.716535433,0.36440678,0.598684211,0.676064327,0.673641613,0.674851883,0.673545974,0.335982086,0.652596421,0.283464567,0.375,0.322869955,0.26446281,5
0.514124294,0.716535433,0.36440678,0.598684211,0.676064327,0.673641613,0.674851883,0.673545974,0.335982086,0.652596421,0.283464567,0.375,0.322869955,0.26446281,5
0.514124294,0.716535433,0.36440678,0.598684211,0.676064327,0.673641613,0.674851883,0.673545974,0.335982086,0.652596421,0.283464567,0.375,0.322869955,0.26446281,5
0.514124294,0.716535433,0.36440678,0.598684211,0.676064327,0.673641613,0.674851883,0.673545974,0.335982086,0.652596421,0.283464567,0.375,0.322869955,0.26446281,5
0.514124294,0.716535433,0.36440678,0.598684211,0.676064327,0.673641613,0.674851883,0.673545974,0.335982086,0.652596421,0.283464567,0.375,0.322869955,0.26446281,5
0.514124294,0.716535433,0.36440678,0.598684211,0.676064327,0.673641613,0.674851883,0.673545974,0.335982086,0.652596421,0.283464567,0.375,0.322869955,0.26446281,5
0.514124294,0.716535433,0.36440678,0.598684211,0.676064327,0.673641613,0.674851883,0.673545974,0.335982086,0.652596421,0.283464567,0.375,0.322869955,0.26446281,5
0.514124294,0.716535433,0.36440678,0.598684211,0.676064327,0.673641613,0.674851883,0.673545974,0.335982086,0.652596421,0.283464567,0.375,0.322869955,0.26446281,5
0.514124294,0.716535433,0.36440678,0.598684211,0.676064327,0.673641613,0.674851883,0.673545974,0.335982086,0.652596421,0.283464567,0.375,0.322869955,0.26446281,5
0.514124294,0.716535433,0.36440678,0.598684211,0.676064327,0.673641613,0.674851883,0.673545974,0.335982086,0.652596421,0.283464567,0.375,0.322869955,0.26446281,5
0.514124294,0.716535433,0.36440678,0.598684211,0.676064327,0.673641613,0.674851883,0.673545974,0.335982086,0.652596421,0.283464567,0.375,0.322869955,0.26446281,5
0.514124294,0.716535433,0.36440678,0.598684211,0.676064327,0.673641613,0.674851883,0.673545974,0.335982086,0.652596421,0.283464567,0.375,0.322869955,0.26446281,5
0.514124294,0.716535433,0.36440678,0.598684211,0.676064327,0.673641613,0.674851883,0.673545974,0.335982086,0.652596421,0.283464567,0.375,0.322869955,0.26446281,5
0.514124294,0.716535433,0.36440678,0.598684211,0.676064327,0.673641613,0.674851883,0.673545974,0.335982086,0.652596421,0.283464567,0.375,0.322869955,0.26446281,5
0.514124294,0.716535433,0.36440678,0.598684211,0.676064327,0.673641613,0.674851883,0.673545974,0.335982086,0.652596421,0.283464567,0.375,0.322869955,0.26446281,5
0.514124294,0.716535433,0.36440678,0.598684211,0.676064327,0.673641613,0.674851883,0.673545974,0.335982086,0.652596421,0.283464567,0.375,0.322869955,0.26446281,5
0.514124294,0.716535433,0.36440678,0.598684211,0.676064327,0.673641613,0.674851883,0.673545974,0.335982086,0.652596421,0.283464567,0.375,0.322869955,0.26446281,5
0.514124294,0.716535433,0.36440678,0.598684211,0.676064327,0.673641613,0.674851883,0.673545974,0.335982086,0.652596421,0.283464567,0.375,0.322869955,0.26446281,5
0.514124294,0.716535433,0.36440678,0.598684211,0.676064327,0.673641613,0.674851883,0.673545974,0.335982086,0.652596421,0.283464567,0.375,0.322869955,0.26446281,5
0.514124294,0.716535433,0.36440678,0.598684211,0.676064327,0.673641613,0.674851883,0.673545974,0.335982086,0.652596421,0.283464567,0.375,0.322869955,0.26446281,5
0.514124294,0.716535433,0.36440678,0.598684211,0.676064327,0.673641613,0.674851883,0.673545974,0.335982086,0.652596421,0.283464567,0.375,0.322869955,0.26446281,5
0.514124294,0.716535433,0.36440678,0.598684211,0.676064327,0.673641613,0.674851883,0.673545974,0.335982086,0.652596421,0.283464567,0.375,0.322869955,0.26446281,5
0.514124294,0.716535433,0.36440678,0.598684211,0.676064327,0.673641613,0.674851883,0.673545974,0.335982086,0.652596421,0.283464567,0.375,0.322869955,0.26446281,5
0.514124294,0.716535433,0.36440678,0.598684211,0.676064327,0.673641613,0.674851883,0.673545974,0.335982086,0.652596421,0.283464567,0.375,0.322869955,0.26446281,5
0.514124294,0.716535433,0.36440678,0.598684211,0.676064327,0.673641613,0.674851883,0.673545974,0.335982086,0.652596421,0.283464567,0.375,0.322869955,0.26446281,5
0.514124294,0.716535433,0.36440678,0.598684211,0.676064327,0.673641613,0.674851883,0.673545974,0.335982086,0.652596421,0.283464567,0.375,0.322869955,0.26446281,5
0.514124294,0.716535433,0.36440678,0.598684211,0.676064327,0.673641613,0.674851883,0.673545974,0.335982086,0.652596421,0.283464567,0.375,0.322869955,0.26446281,5
0.514124294,0.716535433,0.36440678,0.598684211,0.676064327,0.673641613,0.674851883,0.673545974,0.335982086,0.652596421,0.283464567,0.375,0.322869955,0.26446281,5
0.514124294,0.716535433,0.36440678,0.598684211,0.676064327,0.673641613,0.674851883,0.673545974,0.335982086,0.652596421,0.283464567,0.375,0.322869955,0.26446281,5
0.514124294,0.716535433,0.36440678,0.598684211,0.676064327,0.673641613,0.674851883,0.673545974,0.335982086,0.652596421,0.283464567,0.375,0.322869955,0.26446281,5
0.514124294,0.716535433,0.36440678,0.598684211,0.676064327,0.673641613,0.674851883,0.673545974,0.335982086,0.652596421,0.283464567,0.375,0.322869955,0.26446281,5
0.514124294,0.716535433,0.36440678,0.598684211,0.676064327,0.673641613,0.674851883,0.673545974,0.335982086,0.652596421,0.283464567,0.375,0.322869955,0.26446281,5
0.514124294,0.716535433,0.36440678,0.598684211,0.676064327,0.673641613,0.674851883,0.673545974,0.335982086,0.652596421,0.283464567,0.375,0.322869955,0.26446281,5
