0.152173913,0.5,0.28057554,0.233333333,0.60971223,0.589970501,0.599760144,0.594585007,0.137970314,0.568940275,0.25,0.116666667,0.159090909,0.196078431,1
0.152173913,0.5,0.28057554,0.233333333,0.60971223,0.589970501,0.599760144,0.594585007,0.137970314,0.568940275,0.25,0.116666667,0.159090909,0.196078431,1
0.152173913,0.5,0.28057554,0.233333333,0.60971223,0.589970501,0.599760144,0.594585007,0.137970314,0.568940275,0.25,0.116666667,0.159090909,0.196078431,1
0.152173913,0.5,0.28057554,0.233333333,0.60971223,0.589970501,0.599760144,0.594585007,0.137970314,0.568940275,0.25,0.116666667,0.159090909,0.196078431,1
0.152173913,0.5,0.28057554,0.233333333,0.60971223,0.589970501,0.599760144,0.594585007,0.137970314,0.568940275,0.25,0.116666667,0.159090909,0.196078431,1
0.152173913,0.5,0.28057554,0.233333333,0.60971223,0.589970501,0.599760144,0.594585007,0.137970314,0.568940275,0.25,0.116666667,0.159090909,0.196078431,1
0.152173913,0.5,0.28057554,0.233333333,0.60971223,0.589970501,0.599760144,0.594585007,0.137970314,0.568940275,0.25,0.116666667,0.159090909,0.196078431,1
0.152173913,0.5,0.28057554,0.233333333,0.60971223,0.589970501,0.599760144,0.594585007,0.137970314,0.568940275,0.25,0.116666667,0.159090909,0.196078431,1
0.152173913,0.5,0.28057554,0.233333333,0.60971223,0.589970501,0.599760144,0.594585007,0.137970314,0.568940275,0.25,0.116666667,0.159090909,0.196078431,1
0.152173913,0.5,0.28057554,0.233333333,0.60971223,0.589970501,0.599760144,0.594585007,0.137970314,0.568940275,0.25,0.116666667,0.159090909,0.196078431,1
0.152173913,0.5,0.28057554,0.233333333,0.60971223,0.589970501,0.599760144,0.594585007,0.137970314,0.568940275,0.25,0.116666667,0.159090909,0.196078431,1
0.152173913,0.5,0.28057554,0.233333333,0.60971223,0.589970501,0.599760144,0.594585007,0.137970314,0.568940275,0.25,0.116666667,0.159090909,0.196078431,1
0.152173913,0.5,0.28057554,0.233333333,0.60971223,0.589970501,0.599760144,0.594585007,0.137970314,0.568940275,0.25,0.116666667,0.159090909,0.196078431,1
0.152173913,0.5,0.28057554,0.233333333,0.60971223,0.589970501,0.599760144,0.594585007,0.137970314,0.568940275,0.25,0.116666667,0.159090909,0.196078431,1
0.152173913,0.5,0.28057554,0.233333333,0.60971223,0.589970501,0.599760144,0.594585007,0.137970314,0.568940275,0.25,0.116666667,0.159090909,0.196078431,1
0.152173913,0.5,0.28057554,0.233333333,0.60971223,0.589970501,0.599760144,0.594585007,0.137970314,0.568940275,0.25,0.116666667,0.159090909,0.196078431,1
0.152173913,0.5,0.28057554,0.233333333,0.60971223,0.589970501,0.599760144,0.594585007,0.137970314,0.568940275,0.25,0.116666667,0.159090909,0.196078431,1
0.152173913,0.5,0.28057554,0.233333333,0.60971223,0.589970501,0.599760144,0.594585007,0.137970314,0.568940275,0.25,0.116666667,0.159090909,0.196078431,1
0.152173913,0.5,0.28057554,0.233333333,0.60971223,0.589970501,0.599760144,0.594585007,0.137970314,0.568940275,0.25,0.116666667,0.159090909,0.196078431,1
0.152173913,0.5,0.28057554,0.233333333,0.60971223,0.589970501,0.599760144,0.594585007,0.137970314,0.568940275,0.25,0.116666667,0.159090909,0.196078431,1
0.152173913,0.5,0.28057554,0.233333333,0.60971223,0.589970501,0.599760144,0.594585007,0.137970314,0.568940275,0.25,0.116666667,0.159090909,0.196078431,1
0.152173913,0.5,0.28057554,0.233333333,0.60971223,0.589970501,0.599760144,0.594585007,0.137970314,0.568940275,0.25,0.116666667,0.159090909,0.196078431,1
0.152173913,0.5,0.28057554,0.233333333,0.60971223,0.589970501,0.599760144,0.594585007,0.137970314,0.568940275,0.25,0.116666667,0.159090909,0.196078431,1
0.152173913,0.5,0.28057554,0.233333333,0.60971223,0.589970501,0.599760144,0.594585007,0.137970314,0.568940275,0.25,0.116666667,0.159090909,0.196078431,1
0.152173913,0.5,0.28057554,0.233333333,0.60971223,0.589970501,0.599760144,0.594585007,0.137970314,0.568940275,0.25,0.116666667,0.159090909,0.196078431,1
0.152173913,0.5,0.28057554,0.233333333,0.60971223,0.589970501,0.599760144,0.594585007,0.137970314,0.568940275,0.25,0.116666667,0.159090909,0.196078431,1
0.152173913,0.5,0.28057554,0.233333333,0.60971223,0.589970501,0.599760144,0.594585007,0.137970314,0.568940275,0.25,0.116666667,0.159090909,0.196078431,1
0.152173913,0.5,0.28057554,0.233333333,0.60971223,0.589970501,0.599760144,0.594585007,0.137970314,0.568940275,0.25,0.116666667,0.159090909,0.196078431,1
0.152173913,0.5,0.28057554,0.233333333,0.60971223,0.589970501,0.599760144,0.594585007,0.137970314,0.568940275,0.25,0.116666667,0.159090909,0.196078431,1
0.152173913,0.5,0.28057554,0.233333333,0.60971223,0.589970501,0.599760144,0.594585007,0.137970314,0.568940275,0.25,0.116666667,0.159090909,0.196078431,1
0.152173913,0.5,0.28057554,0.233333333,0.60971223,0.589970501,0.599760144,0.594585007,0.137970314,0.568940275,0.25,0.116666667,0.159090909,0.196078431,1
0.152173913,0.5,0.28057554,0.233333333,0.60971223,0.589970501,0.599760144,0.594585007,0.137970314,0.568940275,0.25,0.116666667,0.159090909,0.196078431,1
0.152173913,0.5,0.28057554,0.233333333,0.60971223,0.589970501,0.599760144,0.594585007,0.137970314,0.568940275,0.25,0.116666667,0.159090909,0.196078431,1
0.152173913,0.5,0.28057554,0.233333333,0.60971223,0.589970501,0.599760144,0.594585007,0.137970314,0.568940275,0.25,0.116666667,0.159090909,0.196078431,1
0.152173913,0.5,0.28057554,0.233333333,0.60971223,0.589970501,0.599760144,0.594585007,0.137970314,0.568940275,0.25,0.116666667,0.159090909,0.196078431,1
0.152173913,0.5,0.28057554,0.233333333,0.60971223,0.589970501,0.599760144,0.594585007,0.137970314,0.568940275,0.25,0.116666667,0.159090909,0.196078431,1
0.152173913,0.5,0.28057554,0.233333333,0.60971223,0.589970501,0.599760144,0.594585007,0.137970314,0.568940275,0.25,0.116666667,0.159090909,0.196078431,1
0.152173913,0.5,0.28057554,0.233333333,0.60971223,0.589970501,0.599760144,0.594585007,0.137970314,0.568940275,0.25,0.116666667,0.159090909,0.196078431,1
0.152173913,0.5,0.28057554,0.233333333,0.60971223,0.589970501,0.599760144,0.594585007,0.137970314,0.568940275,0.25,0.116666667,0.159090909,0.196078431,1
0.152173913,0.5,0.28057554,0.233333333,0.60971223,0.589970501,0.599760144,0.594585007,0.137970314,0.568940275,0.25,0.116666667,0.159090909,0.196078431,1
0.152173913,0.5,0.28057554,0.233333333,0.60971223,0.589970501,0.599760144,0.594585007,0.137970314,0.568940275,0.25,0.116666667,0.159090909,0.196078431,1
0.152173913,0.5,0.28057554,0.233333333,0.60971223,0.589970501,0.599760144,0.594585007,0.137970314,0.568940275,0.25,0.116666667,0.159090909,0.196078431,1
0.152173913,0.5,0.28057554,0.233333333,0.60971223,0.589970501,0.599760144,0.594585007,0.137970314,0.568940275,0.25,0.116666667,0.159090909,0.196078431,1
0.152173913,0.5,0.28057554,0.233333333,0.60971223,0.589970501,0.599760144,0.594585007,0.137970314,0.568940275,0.25,0.116666667,0.159090909,0.196078431,1
0.152173913,0.5,0.28057554,0.233333333,0.60971223,0.589970501,0.599760144,0.594585007,0.137970314,0.568940275,0.25,0.116666667,0.159090909,0.196078431,1
0.152173913,0.5,0.28057554,0.233333333,0.60971223,0.589970501,0.599760144,0.594585007,0.137970314,0.568940275,0.25,0.116666667,0.159090909,0.196078431,1
0.152173913,0.5,0.28057554,0.233333333,0.60971223,0.589970501,0.599760144,0.594585007,0.137970314,0.568940275,0.25,0.116666667,0.159090909,0.196078431,1
0.152173913,0.5,0.28057554,0.233333333,0.60971223,0.589970501,0.599760144,0.594585007,0.137970314,0.568940275,0.25,0.116666667,0.159090909,0.196078431,1
0.152173913,0.5,0.28057554,0.233333333,0.60971223,0.589970501,0.599760144,0.594585007,0.137970314,0.568940275,0.25,0.116666667,0.159090909,0.196078431,1
0.152173913,0.5,0.28057554,0.233333333,0.60971223,0.589970501,0.599760144,0.594585007,0.137970314,0.568940275,0.25,0.116666667,0.159090909,0.196078431,1
