0.313769752,0.735449735,0.247355574,0.439873418,0.744047081,0.74394774,0.743997409,0.743902731,0.357936746,0.698887271,0.35978836,0.232081911,0.282157676,0.206629055,11
0.313769752,0.735449735,0.247355574,0.439873418,0.744047081,0.74394774,0.743997409,0.743902731,0.357936746,0.698887271,0.35978836,0.232081911,0.282157676,0.206629055,11
0.313769752,0.735449735,0.247355574,0.439873418,0.744047081,0.74394774,0.743997409,0.743902731,0.357936746,0.698887271,0.35978836,0.232081911,0.282157676,0.206629055,11
0.313769752,0.735449735,0.247355574,0.439873418,0.744047081,0.74394774,0.743997409,0.743902731,0.357936746,0.698887271,0.35978836,0.232081911,0.282157676,0.206629055,11
0.313769752,0.735449735,0.247355574,0.439873418,0.744047081,0.74394774,0.743997409,0.743902731,0.357936746,0.698887271,0.35978836,0.232081911,0.282157676,0.206629055,11
0.313769752,0.735449735,0.247355574,0.439873418,0.744047081,0.74394774,0.743997409,0.743902731,0.357936746,0.698887271,0.35978836,0.232081911,0.282157676,0.206629055,11
0.313769752,0.735449735,0.247355574,0.439873418,0.744047081,0.74394774,0.743997409,0.743902731,0.357936746,0.698887271,0.35978836,0.232081911,0.282157676,0.206629055,11
0.313769752,0.735449735,0.247355574,0.439873418,0.744047081,0.74394774,0.743997409,0.743902731,0.357936746,0.698887271,0.35978836,0.232081911,0.282157676,0.206629055,11
0.313769752,0.735449735,0.247355574,0.439873418,0.744047081,0.74394774,0.743997409,0.743902731,0.357936746,0.698887271,0.35978836,0.232081911,0.282157676,0.206629055,11
0.313769752,0.735449735,0.247355574,0.439873418,0.744047081,0.74394774,0.743997409,0.743902731,0.357936746,0.698887271,0.35978836,0.232081911,0.282157676,0.206629055,11
0.313769752,0.735449735,0.247355574,0.439873418,0.744047081,0.74394774,0.743997409,0.743902731,0.357936746,0.698887271,0.35978836,0.232081911,0.282157676,0.206629055,11
0.313769752,0.735449735,0.247355574,0.439873418,0.744047081,0.74394774,0.743997409,0.743902731,0.357936746,0.698887271,0.35978836,0.232081911,0.282157676,0.206629055,11
0.313769752,0.735449735,0.247355574,0.439873418,0.744047081,0.74394774,0.743997409,0.743902731,0.357936746,0.698887271,0.35978836,0.232081911,0.282157676,0.206629055,11
0.313769752,0.735449735,0.247355574,0.439873418,0.744047081,0.74394774,0.743997409,0.743902731,0.357936746,0.698887271,0.35978836,0.232081911,0.282157676,0.206629055,11
0.313769752,0.735449735,0.247355574,0.439873418,0.744047081,0.74394774,0.743997409,0.743902731,0.357936746,0.698887271,0.35978836,0.232081911,0.282157676,0.206629055,11
0.313769752,0.735449735,0.247355574,0.439873418,0.744047081,0.74394774,0.743997409,0.743902731,0.357936746,0.698887271,0.35978836,0.232081911,0.282157676,0.206629055,11
0.313769752,0.735449735,0.247355574,0.439873418,0.744047081,0.74394774,0.743997409,0.743902731,0.357936746,0.698887271,0.35978836,0.232081911,0.282157676,0.206629055,11
0.313769752,0.735449735,0.247355574,0.439873418,0.744047081,0.74394774,0.743997409,0.743902731,0.357936746,0.698887271,0.35978836,0.232081911,0.282157676,0.206629055,11
0.313769752,0.735449735,0.247355574,0.439873418,0.744047081,0.74394774,0.743997409,0.743902731,0.357936746,0.698887271,0.35978836,0.232081911,0.282157676,0.206629055,11
0.313769752,0.735449735,0.247355574,0.439873418,0.744047081,0.74394774,0.743997409,0.743902731,0.357936746,0.698887271,0.35978836,0.232081911,0.282157676,0.206629055,11
0.313769752,0.735449735,0.247355574,0.439873418,0.744047081,0.74394774,0.743997409,0.743902731,0.357936746,0.698887271,0.35978836,0.232081911,0.282157676,0.206629055,11
0.313769752,0.735449735,0.247355574,0.439873418,0.744047081,0.74394774,0.743997409,0.743902731,0.357936746,0.698887271,0.35978836,0.232081911,0.282157676,0.206629055,11
0.313769752,0.735449735,0.247355574,0.439873418,0.744047081,0.74394774,0.743997409,0.743902731,0.357936746,0.698887271,0.35978836,0.232081911,0.282157676,0.206629055,11
0.313769752,0.735449735,0.247355574,0.439873418,0.744047081,0.74394774,0.743997409,0.743902731,0.357936746,0.698887271,0.35978836,0.232081911,0.282157676,0.206629055,11
0.313769752,0.735449735,0.247355574,0.439873418,0.744047081,0.74394774,0.743997409,0.743902731,0.357936746,0.698887271,0.35978836,0.232081911,0.282157676,0.206629055,11
0.313769752,0.735449735,0.247355574,0.439873418,0.744047081,0.74394774,0.743997409,0.743902731,0.357936746,0.698887271,0.35978836,0.232081911,0.282157676,0.206629055,11
0.313769752,0.735449735,0.247355574,0.439873418,0.744047081,0.74394774,0.743997409,0.743902731,0.357936746,0.698887271,0.35978836,0.232081911,0.282157676,0.206629055,11
0.313769752,0.735449735,0.247355574,0.439873418,0.744047081,0.74394774,0.743997409,0.743902731,0.357936746,0.698887271,0.35978836,0.232081911,0.282157676,0.206629055,11
0.313769752,0.735449735,0.247355574,0.439873418,0.744047081,0.74394774,0.743997409,0.743902731,0.357936746,0.698887271,0.35978836,0.232081911,0.282157676,0.206629055,11
0.313769752,0.735449735,0.247355574,0.439873418,0.744047081,0.74394774,0.743997409,0.743902731,0.357936746,0.698887271,0.35978836,0.232081911,0.282157676,0.206629055,11
0.313769752,0.735449735,0.247355574,0.439873418,0.744047081,0.74394774,0.743997409,0.743902731,0.357936746,0.698887271,0.35978836,0.232081911,0.282157676,0.206629055,11
0.313769752,0.735449735,0.247355574,0.439873418,0.744047081,0.74394774,0.743997409,0.743902731,0.357936746,0.698887271,0.35978836,0.232081911,0.282157676,0.206629055,11
0.313769752,0.735449735,0.247355574,0.439873418,0.744047081,0.74394774,0.743997409,0.743902731,0.357936746,0.698887271,0.35978836,0.232081911,0.282157676,0.206629055,11
0.313769752,0.735449735,0.247355574,0.439873418,0.744047081,0.74394774,0.743997409,0.743902731,0.357936746,0.698887271,0.35978836,0.232081911,0.282157676,0.206629055,11
0.313769752,0.735449735,0.247355574,0.439873418,0.744047081,0.74394774,0.743997409,0.743902731,0.357936746,0.698887271,0.35978836,0.232081911,0.282157676,0.206629055,11
0.313769752,0.735449735,0.247355574,0.439873418,0.744047081,0.74394774,0.743997409,0.743902731,0.357936746,0.698887271,0.35978836,0.232081911,0.282157676,0.206629055,11
0.313769752,0.735449735,0.247355574,0.439873418,0.744047081,0.74394774,0.743997409,0.743902731,0.357936746,0.698887271,0.35978836,0.232081911,0.282157676,0.206629055,11
0.313769752,0.735449735,0.247355574,0.439873418,0.744047081,0.74394774,0.743997409,0.743902731,0.357936746,0.698887271,0.35978836,0.232081911,0.282157676,0.206629055,11
0.313769752,0.735449735,0.247355574,0.439873418,0.744047081,0.74394774,0.743997409,0.743902731,0.357936746,0.698887271,0.35978836,0.232081911,0.282157676,0.206629055,11
0.313769752,0.735449735,0.247355574,0.439873418,0.744047081,0.74394774,0.743997409,0.743902731,0.357936746,0.698887271,0.35978836,0.232081911,0.282157676,0.206629055,11
0.313769752,0.735449735,0.247355574,0.439873418,0.744047081,0.74394774,0.743997409,0.743902731,0.357936746,0.698887271,0.35978836,0.232081911,0.282157676,0.206629055,11
0.313769752,0.735449735,0.247355574,0.439873418,0.744047081,0.74394774,0.743997409,0.743902731,0.357936746,0.698887271,0.35978836,0.232081911,0.282157676,0.206629055,11
0.313769752,0.735449735,0.247355574,0.439873418,0.744047081,0.74394774,0.743997409,0.743902731,0.357936746,0.698887271,0.35978836,0.232081911,0.282157676,0.206629055,11
0.313769752,0.735449735,0.247355574,0.439873418,0.744047081,0.74394774,0.743997409,0.743902731,0.357936746,0.698887271,0.35978836,0.232081911,0.282157676,0.206629055,11
0.313769752,0.735449735,0.247355574,0.439873418,0.744047081,0.74394774,0.743997409,0.743902731,0.357936746,0.698887271,0.35978836,0.232081911,0.282157676,0.206629055,11
0.313769752,0.735449735,0.247355574,0.439873418,0.744047081,0.74394774,0.743997409,0.743902731,0.357936746,0.698887271,0.35978836,0.232081911,0.282157676,0.206629055,11
0.313769752,0.735449735,0.247355574,0.439873418,0.744047081,0.74394774,0.743997409,0.743902731,0.357936746,0.698887271,0.35978836,0.232081911,0.282157676,0.206629055,11
0.313769752,0.735449735,0.247355574,0.439873418,0.744047081,0.74394774,0.743997409,0.743902731,0.357936746,0.698887271,0.35978836,0.232081911,0.282157676,0.206629055,11
0.313769752,0.735449735,0.247355574,0.439873418,0.744047081,0.74394774,0.743997409,0.743902731,0.357936746,0.698887271,0.35978836,0.232081911,0.282157676,0.206629055,11
0.313769752,0.735449735,0.247355574,0.439873418,0.744047081,0.74394774,0.743997409,0.743902731,0.357936746,0.698887271,0.35978836,0.232081911,0.282157676,0.206629055,11
