0.264204545,0.93,0.537344398,0.411504425,0.696327801,0.617912582,0.655949472,0.616829671,0.302970307,0.645040056,0.22,0.125,0.15942029,0.302405498,24
0.264204545,0.93,0.537344398,0.411504425,0.696327801,0.617912582,0.655949472,0.616829671,0.302970307,0.645040056,0.22,0.125,0.15942029,0.302405498,24
0.264204545,0.93,0.537344398,0.411504425,0.696327801,0.617912582,0.655949472,0.616829671,0.302970307,0.645040056,0.22,0.125,0.15942029,0.302405498,24
0.264204545,0.93,0.537344398,0.411504425,0.696327801,0.617912582,0.655949472,0.616829671,0.302970307,0.645040056,0.22,0.125,0.15942029,0.302405498,24
0.264204545,0.93,0.537344398,0.411504425,0.696327801,0.617912582,0.655949472,0.616829671,0.302970307,0.645040056,0.22,0.125,0.15942029,0.302405498,24
0.264204545,0.93,0.537344398,0.411504425,0.696327801,0.617912582,0.655949472,0.616829671,0.302970307,0.645040056,0.22,0.125,0.15942029,0.302405498,24
0.264204545,0.93,0.537344398,0.411504425,0.696327801,0.617912582,0.655949472,0.616829671,0.302970307,0.645040056,0.22,0.125,0.15942029,0.302405498,24
0.264204545,0.93,0.537344398,0.411504425,0.696327801,0.617912582,0.655949472,0.616829671,0.302970307,0.645040056,0.22,0.125,0.15942029,0.302405498,24
0.264204545,0.93,0.537344398,0.411504425,0.696327801,0.617912582,0.655949472,0.616829671,0.302970307,0.645040056,0.22,0.125,0.15942029,0.302405498,24
0.264204545,0.93,0.537344398,0.411504425,0.696327801,0.617912582,0.655949472,0.616829671,0.302970307,0.645040056,0.22,0.125,0.15942029,0.302405498,24
0.264204545,0.93,0.537344398,0.411504425,0.696327801,0.617912582,0.655949472,0.616829671,0.302970307,0.645040056,0.22,0.125,0.15942029,0.302405498,24
0.264204545,0.93,0.537344398,0.411504425,0.696327801,0.617912582,0.655949472,0.616829671,0.302970307,0.645040056,0.22,0.125,0.15942029,0.302405498,24
0.264204545,0.93,0.537344398,0.411504425,0.696327801,0.617912582,0.655949472,0.616829671,0.302970307,0.645040056,0.22,0.125,0.15942029,0.302405498,24
0.264204545,0.93,0.537344398,0.411504425,0.696327801,0.617912582,0.655949472,0.616829671,0.302970307,0.645040056,0.22,0.125,0.15942029,0.302405498,24
0.264204545,0.93,0.537344398,0.411504425,0.696327801,0.617912582,0.655949472,0.616829671,0.302970307,0.645040056,0.22,0.125,0.15942029,0.302405498,24
0.264204545,0.93,0.537344398,0.411504425,0.696327801,0.617912582,0.655949472,0.616829671,0.302970307,0.645040056,0.22,0.125,0.15942029,0.302405498,24
0.264204545,0.93,0.537344398,0.411504425,0.696327801,0.617912582,0.655949472,0.616829671,0.302970307,0.645040056,0.22,0.125,0.15942029,0.302405498,24
0.264204545,0.93,0.537344398,0.411504425,0.696327801,0.617912582,0.655949472,0.616829671,0.302970307,0.645040056,0.22,0.125,0.15942029,0.302405498,24
0.264204545,0.93,0.537344398,0.411504425,0.696327801,0.617912582,0.655949472,0.616829671,0.302970307,0.645040056,0.22,0.125,0.15942029,0.302405498,24
0.264204545,0.93,0.537344398,0.411504425,0.696327801,0.617912582,0.655949472,0.616829671,0.302970307,0.645040056,0.22,0.125,0.15942029,0.302405498,24
0.264204545,0.93,0.537344398,0.411504425,0.696327801,0.617912582,0.655949472,0.616829671,0.302970307,0.645040056,0.22,0.125,0.15942029,0.302405498,24
0.264204545,0.93,0.537344398,0.411504425,0.696327801,0.617912582,0.655949472,0.616829671,0.302970307,0.645040056,0.22,0.125,0.15942029,0.302405498,24
0.264204545,0.93,0.537344398,0.411504425,0.696327801,0.617912582,0.655949472,0.616829671,0.302970307,0.645040056,0.22,0.125,0.15942029,0.302405498,24
0.264204545,0.93,0.537344398,0.411504425,0.696327801,0.617912582,0.655949472,0.616829671,0.302970307,0.645040056,0.22,0.125,0.15942029,0.302405498,24
0.264204545,0.93,0.537344398,0.411504425,0.696327801,0.617912582,0.655949472,0.616829671,0.302970307,0.645040056,0.22,0.125,0.15942029,0.302405498,24
0.264204545,0.93,0.537344398,0.411504425,0.696327801,0.617912582,0.655949472,0.616829671,0.302970307,0.645040056,0.22,0.125,0.15942029,0.302405498,24
0.264204545,0.93,0.537344398,0.411504425,0.696327801,0.617912582,0.655949472,0.616829671,0.302970307,0.645040056,0.22,0.125,0.15942029,0.302405498,24
0.264204545,0.93,0.537344398,0.411504425,0.696327801,0.617912582,0.655949472,0.616829671,0.302970307,0.645040056,0.22,0.125,0.15942029,0.302405498,24
0.264204545,0.93,0.537344398,0.411504425,0.696327801,0.617912582,0.655949472,0.616829671,0.302970307,0.645040056,0.22,0.125,0.15942029,0.302405498,24
0.264204545,0.93,0.537344398,0.411504425,0.696327801,0.617912582,0.655949472,0.616829671,0.302970307,0.645040056,0.22,0.125,0.15942029,0.302405498,24
0.264204545,0.93,0.537344398,0.411504425,0.696327801,0.617912582,0.655949472,0.616829671,0.302970307,0.645040056,0.22,0.125,0.15942029,0.302405498,24
0.264204545,0.93,0.537344398,0.411504425,0.696327801,0.617912582,0.655949472,0.616829671,0.302970307,0.645040056,0.22,0.125,0.15942029,0.302405498,24
0.264204545,0.93,0.537344398,0.411504425,0.696327801,0.617912582,0.655949472,0.616829671,0.302970307,0.645040056,0.22,0.125,0.15942029,0.302405498,24
0.264204545,0.93,0.537344398,0.411504425,0.696327801,0.617912582,0.655949472,0.616829671,0.302970307,0.645040056,0.22,0.125,0.15942029,0.302405498,24
0.264204545,0.93,0.537344398,0.411504425,0.696327801,0.617912582,0.655949472,0.616829671,0.302970307,0.645040056,0.22,0.125,0.15942029,0.302405498,24
0.264204545,0.93,0.537344398,0.411504425,0.696327801,0.617912582,0.655949472,0.616829671,0.302970307,0.645040056,0.22,0.125,0.15942029,0.302405498,24
0.264204545,0.93,0.537344398,0.411504425,0.696327801,0.617912582,0.655949472,0.616829671,0.302970307,0.645040056,0.22,0.125,0.15942029,0.302405498,24
0.264204545,0.93,0.537344398,0.411504425,0.696327801,0.617912582,0.655949472,0.616829671,0.302970307,0.645040056,0.22,0.125,0.15942029,0.302405498,24
0.264204545,0.93,0.537344398,0.411504425,0.696327801,0.617912582,0.655949472,0.616829671,0.302970307,0.645040056,0.22,0.125,0.15942029,0.302405498,24
0.264204545,0.93,0.537344398,0.411504425,0.696327801,0.617912582,0.655949472,0.616829671,0.302970307,0.645040056,0.22,0.125,0.15942029,0.302405498,24
0.264204545,0.93,0.537344398,0.411504425,0.696327801,0.617912582,0.655949472,0.616829671,0.302970307,0.645040056,0.22,0.125,0.15942029,0.302405498,24
0.264204545,0.93,0.537344398,0.411504425,0.696327801,0.617912582,0.655949472,0.616829671,0.302970307,0.645040056,0.22,0.125,0.15942029,0.302405498,24
0.264204545,0.93,0.537344398,0.411504425,0.696327801,0.617912582,0.655949472,0.616829671,0.302970307,0.645040056,0.22,0.125,0.15942029,0.302405498,24
0.264204545,0.93,0.537344398,0.411504425,0.696327801,0.617912582,0.655949472,0.616829671,0.302970307,0.645040056,0.22,0.125,0.15942029,0.302405498,24
0.264204545,0.93,0.537344398,0.411504425,0.696327801,0.617912582,0.655949472,0.616829671,0.302970307,0.645040056,0.22,0.125,0.15942029,0.302405498,24
0.264204545,0.93,0.537344398,0.411504425,0.696327801,0.617912582,0.655949472,0.616829671,0.302970307,0.645040056,0.22,0.125,0.15942029,0.302405498,24
0.264204545,0.93,0.537344398,0.411504425,0.696327801,0.617912582,0.655949472,0.616829671,0.302970307,0.645040056,0.22,0.125,0.15942029,0.302405498,24
0.264204545,0.93,0.537344398,0.411504425,0.696327801,0.617912582,0.655949472,0.616829671,0.302970307,0.645040056,0.22,0.125,0.15942029,0.302405498,24
0.264204545,0.93,0.537344398,0.411504425,0.696327801,0.617912582,0.655949472,0.616829671,0.302970307,0.645040056,0.22,0.125,0.15942029,0.302405498,24
0.264204545,0.93,0.537344398,0.411504425,0.696327801,0.617912582,0.655949472,0.616829671,0.302970307,0.645040056,0.22,0.125,0.15942029,0.302405498,24
