0.228,0.791666667,0.408898305,0.354037267,0.691384181,0.676838611,0.684072736,0.675499922,0.260273296,0.618423834,0.291666667,0.190909091,0.230769231,0.202205882,4
0.228,0.791666667,0.408898305,0.354037267,0.691384181,0.676838611,0.684072736,0.675499922,0.260273296,0.618423834,0.291666667,0.190909091,0.230769231,0.202205882,4
0.228,0.791666667,0.408898305,0.354037267,0.691384181,0.676838611,0.684072736,0.675499922,0.260273296,0.618423834,0.291666667,0.190909091,0.230769231,0.202205882,4
0.228,0.791666667,0.408898305,0.354037267,0.691384181,0.676838611,0.684072736,0.675499922,0.260273296,0.618423834,0.291666667,0.190909091,0.230769231,0.202205882,4
0.228,0.791666667,0.408898305,0.354037267,0.691384181,0.676838611,0.684072736,0.675499922,0.260273296,0.618423834,0.291666667,0.190909091,0.230769231,0.202205882,4
0.228,0.791666667,0.408898305,0.354037267,0.691384181,0.676838611,0.684072736,0.675499922,0.260273296,0.618423834,0.291666667,0.190909091,0.230769231,0.202205882,4
0.228,0.791666667,0.408898305,0.354037267,0.691384181,0.676838611,0.684072736,0.675499922,0.260273296,0.618423834,0.291666667,0.190909091,0.230769231,0.202205882,4
0.228,0.791666667,0.408898305,0.354037267,0.691384181,0.676838611,0.684072736,0.675499922,0.260273296,0.618423834,0.291666667,0.190909091,0.230769231,0.202205882,4
0.228,0.791666667,0.408898305,0.354037267,0.691384181,0.676838611,0.684072736,0.675499922,0.260273296,0.618423834,0.291666667,0.190909091,0.230769231,0.202205882,4
0.228,0.791666667,0.408898305,0.354037267,0.691384181,0.676838611,0.684072736,0.675499922,0.260273296,0.618423834,0.291666667,0.190909091,0.230769231,0.202205882,4
0.228,0.791666667,0.408898305,0.354037267,0.691384181,0.676838611,0.684072736,0.675499922,0.260273296,0.618423834,0.291666667,0.190909091,0.230769231,0.202205882,4
0.228,0.791666667,0.408898305,0.354037267,0.691384181,0.676838611,0.684072736,0.675499922,0.260273296,0.618423834,0.291666667,0.190909091,0.230769231,0.202205882,4
0.228,0.791666667,0.408898305,0.354037267,0.691384181,0.676838611,0.684072736,0.675499922,0.260273296,0.618423834,0.291666667,0.190909091,0.230769231,0.202205882,4
0.228,0.791666667,0.408898305,0.354037267,0.691384181,0.676838611,0.684072736,0.675499922,0.260273296,0.618423834,0.291666667,0.190909091,0.230769231,0.202205882,4
0.228,0.791666667,0.408898305,0.354037267,0.691384181,0.676838611,0.684072736,0.675499922,0.260273296,0.618423834,0.291666667,0.190909091,0.230769231,0.202205882,4
0.228,0.791666667,0.408898305,0.354037267,0.691384181,0.676838611,0.684072736,0.675499922,0.260273296,0.618423834,0.291666667,0.190909091,0.230769231,0.202205882,4
0.228,0.791666667,0.408898305,0.354037267,0.691384181,0.676838611,0.684072736,0.675499922,0.260273296,0.618423834,0.291666667,0.190909091,0.230769231,0.202205882,4
0.228,0.791666667,0.408898305,0.354037267,0.691384181,0.676838611,0.684072736,0.675499922,0.260273296,0.618423834,0.291666667,0.190909091,0.230769231,0.202205882,4
0.228,0.791666667,0.408898305,0.354037267,0.691384181,0.676838611,0.684072736,0.675499922,0.260273296,0.618423834,0.291666667,0.190909091,0.230769231,0.202205882,4
0.228,0.791666667,0.408898305,0.354037267,0.691384181,0.676838611,0.684072736,0.675499922,0.260273296,0.618423834,0.291666667,0.190909091,0.230769231,0.202205882,4
0.228,0.791666667,0.408898305,0.354037267,0.691384181,0.676838611,0.684072736,0.675499922,0.260273296,0.618423834,0.291666667,0.190909091,0.230769231,0.202205882,4
0.228,0.791666667,0.408898305,0.354037267,0.691384181,0.676838611,0.684072736,0.675499922,0.260273296,0.618423834,0.291666667,0.190909091,0.230769231,0.202205882,4
0.228,0.791666667,0.408898305,0.354037267,0.691384181,0.676838611,0.684072736,0.675499922,0.260273296,0.618423834,0.291666667,0.190909091,0.230769231,0.202205882,4
0.228,0.791666667,0.408898305,0.354037267,0.691384181,0.676838611,0.684072736,0.675499922,0.260273296,0.618423834,0.291666667,0.190909091,0.230769231,0.202205882,4
0.228,0.791666667,0.408898305,0.354037267,0.691384181,0.676838611,0.684072736,0.675499922,0.260273296,0.618423834,0.291666667,0.190909091,0.230769231,0.202205882,4
0.228,0.791666667,0.408898305,0.354037267,0.691384181,0.676838611,0.684072736,0.675499922,0.260273296,0.618423834,0.291666667,0.190909091,0.230769231,0.202205882,4
0.228,0.791666667,0.408898305,0.354037267,0.691384181,0.676838611,0.684072736,0.675499922,0.260273296,0.618423834,0.291666667,0.190909091,0.230769231,0.202205882,4
0.228,0.791666667,0.408898305,0.354037267,0.691384181,0.676838611,0.684072736,0.675499922,0.260273296,0.618423834,0.291666667,0.190909091,0.230769231,0.202205882,4
0.228,0.791666667,0.408898305,0.354037267,0.691384181,0.676838611,0.684072736,0.675499922,0.260273296,0.618423834,0.291666667,0.190909091,0.230769231,0.202205882,4
0.228,0.791666667,0.408898305,0.354037267,0.691384181,0.676838611,0.684072736,0.675499922,0.260273296,0.618423834,0.291666667,0.190909091,0.230769231,0.202205882,4
0.228,0.791666667,0.408898305,0.354037267,0.691384181,0.676838611,0.684072736,0.675499922,0.260273296,0.618423834,0.291666667,0.190909091,0.230769231,0.202205882,4
0.228,0.791666667,0.408898305,0.354037267,0.691384181,0.676838611,0.684072736,0.675499922,0.260273296,0.618423834,0.291666667,0.190909091,0.230769231,0.202205882,4
0.228,0.791666667,0.408898305,0.354037267,0.691384181,0.676838611,0.684072736,0.675499922,0.260273296,0.618423834,0.291666667,0.190909091,0.230769231,0.202205882,4
0.228,0.791666667,0.408898305,0.354037267,0.691384181,0.676838611,0.684072736,0.675499922,0.260273296,0.618423834,0.291666667,0.190909091,0.230769231,0.202205882,4
0.228,0.791666667,0.408898305,0.354037267,0.691384181,0.676838611,0.684072736,0.675499922,0.260273296,0.618423834,0.291666667,0.190909091,0.230769231,0.202205882,4
0.228,0.791666667,0.408898305,0.354037267,0.691384181,0.676838611,0.684072736,0.675499922,0.260273296,0.618423834,0.291666667,0.190909091,0.230769231,0.202205882,4
0.228,0.791666667,0.408898305,0.354037267,0.691384181,0.676838611,0.684072736,0.675499922,0.260273296,0.618423834,0.291666667,0.190909091,0.230769231,0.202205882,4
0.228,0.791666667,0.408898305,0.354037267,0.691384181,0.676838611,0.684072736,0.675499922,0.260273296,0.618423834,0.291666667,0.190909091,0.230769231,0.202205882,4
0.228,0.791666667,0.408898305,0.354037267,0.691384181,0.676838611,0.684072736,0.675499922,0.260273296,0.618423834,0.291666667,0.190909091,0.230769231,0.202205882,4
0.228,0.791666667,0.408898305,0.354037267,0.691384181,0.676838611,0.684072736,0.675499922,0.260273296,0.618423834,0.291666667,0.190909091,0.230769231,0.202205882,4
0.228,0.791666667,0.408898305,0.354037267,0.691384181,0.676838611,0.684072736,0.675499922,0.260273296,0.618423834,0.291666667,0.190909091,0.230769231,0.202205882,4
0.228,0.791666667,0.408898305,0.354037267,0.691384181,0.676838611,0.684072736,0.675499922,0.260273296,0.618423834,0.291666667,0.190909091,0.230769231,0.202205882,4
0.228,0.791666667,0.408898305,0.354037267,0.691384181,0.676838611,0.684072736,0.675499922,0.260273296,0.618423834,0.291666667,0.190909091,0.230769231,0.202205882,4
0.228,0.791666667,0.408898305,0.354037267,0.691384181,0.676838611,0.684072736,0.675499922,0.260273296,0.618423834,0.291666667,0.190909091,0.230769231,0.202205882,4
0.228,0.791666667,0.408898305,0.354037267,0.691384181,0.676838611,0.684072736,0.675499922,0.260273296,0.618423834,0.291666667,0.190909091,0.230769231,0.202205882,4
0.228,0.791666667,0.408898305,0.354037267,0.691384181,0.676838611,0.684072736,0.675499922,0.260273296,0.618423834,0.291666667,0.190909091,0.230769231,0.202205882,4
0.228,0.791666667,0.408898305,0.354037267,0.691384181,0.676838611,0.684072736,0.675499922,0.260273296,0.618423834,0.291666667,0.190909091,0.230769231,0.202205882,4
0.228,0.791666667,0.408898305,0.354037267,0.691384181,0.676838611,0.684072736,0.675499922,0.260273296,0.618423834,0.291666667,0.190909091,0.230769231,0.202205882,4
0.228,0.791666667,0.408898305,0.354037267,0.691384181,0.676838611,0.684072736,0.675499922,0.260273296,0.618423834,0.291666667,0.190909091,0.230769231,0.202205882,4
0.228,0.791666667,0.408898305,0.354037267,0.691384181,0.676838611,0.684072736,0.675499922,0.260273296,0.618423834,0.291666667,0.190909091,0.230769231,0.202205882,4
