0.094282849,0.862385321,0.391927083,0.169981917,0.735229119,0.713237743,0.724149955,0.706278501,0.198424986,0.659612168,0.275229358,0.052910053,0.088757396,0.234977207,23
0.094282849,0.862385321,0.391927083,0.169981917,0.735229119,0.713237743,0.724149955,0.706278501,0.198424986,0.659612168,0.275229358,0.052910053,0.088757396,0.234977207,23
0.094282849,0.862385321,0.391927083,0.169981917,0.735229119,0.713237743,0.724149955,0.706278501,0.198424986,0.659612168,0.275229358,0.052910053,0.088757396,0.234977207,23
0.094282849,0.862385321,0.391927083,0.169981917,0.735229119,0.713237743,0.724149955,0.706278501,0.198424986,0.659612168,0.275229358,0.052910053,0.088757396,0.234977207,23
0.094282849,0.862385321,0.391927083,0.169981917,0.735229119,0.713237743,0.724149955,0.706278501,0.198424986,0.659612168,0.275229358,0.052910053,0.088757396,0.234977207,23
0.094282849,0.862385321,0.391927083,0.169981917,0.735229119,0.713237743,0.724149955,0.706278501,0.198424986,0.659612168,0.275229358,0.052910053,0.088757396,0.234977207,23
0.094282849,0.862385321,0.391927083,0.169981917,0.735229119,0.713237743,0.724149955,0.706278501,0.198424986,0.659612168,0.275229358,0.052910053,0.088757396,0.234977207,23
0.094282849,0.862385321,0.391927083,0.169981917,0.735229119,0.713237743,0.724149955,0.706278501,0.198424986,0.659612168,0.275229358,0.052910053,0.088757396,0.234977207,23
0.094282849,0.862385321,0.391927083,0.169981917,0.735229119,0.713237743,0.724149955,0.706278501,0.198424986,0.659612168,0.275229358,0.052910053,0.088757396,0.234977207,23
0.094282849,0.862385321,0.391927083,0.169981917,0.735229119,0.713237743,0.724149955,0.706278501,0.198424986,0.659612168,0.275229358,0.052910053,0.088757396,0.234977207,23
0.094282849,0.862385321,0.391927083,0.169981917,0.735229119,0.713237743,0.724149955,0.706278501,0.198424986,0.659612168,0.275229358,0.052910053,0.088757396,0.234977207,23
0.094282849,0.862385321,0.391927083,0.169981917,0.735229119,0.713237743,0.724149955,0.706278501,0.198424986,0.659612168,0.275229358,0.052910053,0.088757396,0.234977207,23
0.094282849,0.862385321,0.391927083,0.169981917,0.735229119,0.713237743,0.724149955,0.706278501,0.198424986,0.659612168,0.275229358,0.052910053,0.088757396,0.234977207,23
0.094282849,0.862385321,0.391927083,0.169981917,0.735229119,0.713237743,0.724149955,0.706278501,0.198424986,0.659612168,0.275229358,0.052910053,0.088757396,0.234977207,23
0.094282849,0.862385321,0.391927083,0.169981917,0.735229119,0.713237743,0.724149955,0.706278501,0.198424986,0.659612168,0.275229358,0.052910053,0.088757396,0.234977207,23
0.094282849,0.862385321,0.391927083,0.169981917,0.735229119,0.713237743,0.724149955,0.706278501,0.198424986,0.659612168,0.275229358,0.052910053,0.088757396,0.234977207,23
0.094282849,0.862385321,0.391927083,0.169981917,0.735229119,0.713237743,0.724149955,0.706278501,0.198424986,0.659612168,0.275229358,0.052910053,0.088757396,0.234977207,23
0.094282849,0.862385321,0.391927083,0.169981917,0.735229119,0.713237743,0.724149955,0.706278501,0.198424986,0.659612168,0.275229358,0.052910053,0.088757396,0.234977207,23
0.094282849,0.862385321,0.391927083,0.169981917,0.735229119,0.713237743,0.724149955,0.706278501,0.198424986,0.659612168,0.275229358,0.052910053,0.088757396,0.234977207,23
0.094282849,0.862385321,0.391927083,0.169981917,0.735229119,0.713237743,0.724149955,0.706278501,0.198424986,0.659612168,0.275229358,0.052910053,0.088757396,0.234977207,23
0.094282849,0.862385321,0.391927083,0.169981917,0.735229119,0.713237743,0.724149955,0.706278501,0.198424986,0.659612168,0.275229358,0.052910053,0.088757396,0.234977207,23
0.094282849,0.862385321,0.391927083,0.169981917,0.735229119,0.713237743,0.724149955,0.706278501,0.198424986,0.659612168,0.275229358,0.052910053,0.088757396,0.234977207,23
0.094282849,0.862385321,0.391927083,0.169981917,0.735229119,0.713237743,0.724149955,0.706278501,0.198424986,0.659612168,0.275229358,0.052910053,0.088757396,0.234977207,23
0.094282849,0.862385321,0.391927083,0.169981917,0.735229119,0.713237743,0.724149955,0.706278501,0.198424986,0.659612168,0.275229358,0.052910053,0.088757396,0.234977207,23
0.094282849,0.862385321,0.391927083,0.169981917,0.735229119,0.713237743,0.724149955,0.706278501,0.198424986,0.659612168,0.275229358,0.052910053,0.088757396,0.234977207,23
0.094282849,0.862385321,0.391927083,0.169981917,0.735229119,0.713237743,0.724149955,0.706278501,0.198424986,0.659612168,0.275229358,0.052910053,0.088757396,0.234977207,23
0.094282849,0.862385321,0.391927083,0.169981917,0.735229119,0.713237743,0.724149955,0.706278501,0.198424986,0.659612168,0.275229358,0.052910053,0.088757396,0.234977207,23
0.094282849,0.862385321,0.391927083,0.169981917,0.735229119,0.713237743,0.724149955,0.706278501,0.198424986,0.659612168,0.275229358,0.052910053,0.088757396,0.234977207,23
0.094282849,0.862385321,0.391927083,0.169981917,0.735229119,0.713237743,0.724149955,0.706278501,0.198424986,0.659612168,0.275229358,0.052910053,0.088757396,0.234977207,23
0.094282849,0.862385321,0.391927083,0.169981917,0.735229119,0.713237743,0.724149955,0.706278501,0.198424986,0.659612168,0.275229358,0.052910053,0.088757396,0.234977207,23
0.094282849,0.862385321,0.391927083,0.169981917,0.735229119,0.713237743,0.724149955,0.706278501,0.198424986,0.659612168,0.275229358,0.052910053,0.088757396,0.234977207,23
0.094282849,0.862385321,0.391927083,0.169981917,0.735229119,0.713237743,0.724149955,0.706278501,0.198424986,0.659612168,0.275229358,0.052910053,0.088757396,0.234977207,23
0.094282849,0.862385321,0.391927083,0.169981917,0.735229119,0.713237743,0.724149955,0.706278501,0.198424986,0.659612168,0.275229358,0.052910053,0.088757396,0.234977207,23
0.094282849,0.862385321,0.391927083,0.169981917,0.735229119,0.713237743,0.724149955,0.706278501,0.198424986,0.659612168,0.275229358,0.052910053,0.088757396,0.234977207,23
0.094282849,0.862385321,0.391927083,0.169981917,0.735229119,0.713237743,0.724149955,0.706278501,0.198424986,0.659612168,0.275229358,0.052910053,0.088757396,0.234977207,23
0.094282849,0.862385321,0.391927083,0.169981917,0.735229119,0.713237743,0.724149955,0.706278501,0.198424986,0.659612168,0.275229358,0.052910053,0.088757396,0.234977207,23
0.094282849,0.862385321,0.391927083,0.169981917,0.735229119,0.713237743,0.724149955,0.706278501,0.198424986,0.659612168,0.275229358,0.052910053,0.088757396,0.234977207,23
0.094282849,0.862385321,0.391927083,0.169981917,0.735229119,0.713237743,0.724149955,0.706278501,0.198424986,0.659612168,0.275229358,0.052910053,0.088757396,0.234977207,23
0.094282849,0.862385321,0.391927083,0.169981917,0.735229119,0.713237743,0.724149955,0.706278501,0.198424986,0.659612168,0.275229358,0.052910053,0.088757396,0.234977207,23
0.094282849,0.862385321,0.391927083,0.169981917,0.735229119,0.713237743,0.724149955,0.706278501,0.198424986,0.659612168,0.275229358,0.052910053,0.088757396,0.234977207,23
0.094282849,0.862385321,0.391927083,0.169981917,0.735229119,0.713237743,0.724149955,0.706278501,0.198424986,0.659612168,0.275229358,0.052910053,0.088757396,0.234977207,23
0.094282849,0.862385321,0.391927083,0.169981917,0.735229119,0.713237743,0.724149955,0.706278501,0.198424986,0.659612168,0.275229358,0.052910053,0.088757396,0.234977207,23
0.094282849,0.862385321,0.391927083,0.169981917,0.735229119,0.713237743,0.724149955,0.706278501,0.198424986,0.659612168,0.275229358,0.052910053,0.088757396,0.234977207,23
0.094282849,0.862385321,0.391927083,0.169981917,0.735229119,0.713237743,0.724149955,0.706278501,0.198424986,0.659612168,0.275229358,0.052910053,0.088757396,0.234977207,23
0.094282849,0.862385321,0.391927083,0.169981917,0.735229119,0.713237743,0.724149955,0.706278501,0.198424986,0.659612168,0.275229358,0.052910053,0.088757396,0.234977207,23
0.094282849,0.862385321,0.391927083,0.169981917,0.735229119,0.713237743,0.724149955,0.706278501,0.198424986,0.659612168,0.275229358,0.052910053,0.088757396,0.234977207,23
0.094282849,0.862385321,0.391927083,0.169981917,0.735229119,0.713237743,0.724149955,0.706278501,0.198424986,0.659612168,0.275229358,0.052910053,0.088757396,0.234977207,23
0.094282849,0.862385321,0.391927083,0.169981917,0.735229119,0.713237743,0.724149955,0.706278501,0.198424986,0.659612168,0.275229358,0.052910053,0.088757396,0.234977207,23
0.094282849,0.862385321,0.391927083,0.169981917,0.735229119,0.713237743,0.724149955,0.706278501,0.198424986,0.659612168,0.275229358,0.052910053,0.088757396,0.234977207,23
0.094282849,0.862385321,0.391927083,0.169981917,0.735229119,0.713237743,0.724149955,0.706278501,0.198424986,0.659612168,0.275229358,0.052910053,0.088757396,0.234977207,23
