0.413306452,0.82,0.287265548,0.549597855,0.766367226,0.762613837,0.764488228,0.760290285,0.434657313,0.737852557,0.38,0.316666667,0.345454545,0.237529691,8
0.413306452,0.82,0.287265548,0.549597855,0.766367226,0.762613837,0.764488228,0.760290285,0.434657313,0.737852557,0.38,0.316666667,0.345454545,0.237529691,8
0.413306452,0.82,0.287265548,0.549597855,0.766367226,0.762613837,0.764488228,0.760290285,0.434657313,0.737852557,0.38,0.316666667,0.345454545,0.237529691,8
0.413306452,0.82,0.287265548,0.549597855,0.766367226,0.762613837,0.764488228,0.760290285,0.434657313,0.737852557,0.38,0.316666667,0.345454545,0.237529691,8
0.413306452,0.82,0.287265548,0.549597855,0.766367226,0.762613837,0.764488228,0.760290285,0.434657313,0.737852557,0.38,0.316666667,0.345454545,0.237529691,8
0.413306452,0.82,0.287265548,0.549597855,0.766367226,0.762613837,0.764488228,0.760290285,0.434657313,0.737852557,0.38,0.316666667,0.345454545,0.237529691,8
0.413306452,0.82,0.287265548,0.549597855,0.766367226,0.762613837,0.764488228,0.760290285,0.434657313,0.737852557,0.38,0.316666667,0.345454545,0.237529691,8
0.413306452,0.82,0.287265548,0.549597855,0.766367226,0.762613837,0.764488228,0.760290285,0.434657313,0.737852557,0.38,0.316666667,0.345454545,0.237529691,8
0.413306452,0.82,0.287265548,0.549597855,0.766367226,0.762613837,0.764488228,0.760290285,0.434657313,0.737852557,0.38,0.316666667,0.345454545,0.237529691,8
0.413306452,0.82,0.287265548,0.549597855,0.766367226,0.762613837,0.764488228,0.760290285,0.434657313,0.737852557,0.38,0.316666667,0.345454545,0.237529691,8
0.413306452,0.82,0.287265548,0.549597855,0.766367226,0.762613837,0.764488228,0.760290285,0.434657313,0.737852557,0.38,0.316666667,0.345454545,0.237529691,8
0.413306452,0.82,0.287265548,0.549597855,0.766367226,0.762613837,0.764488228,0.760290285,0.434657313,0.737852557,0.38,0.316666667,0.345454545,0.237529691,8
0.413306452,0.82,0.287265548,0.549597855,0.766367226,0.762613837,0.764488228,0.760290285,0.434657313,0.737852557,0.38,0.316666667,0.345454545,0.237529691,8
0.413306452,0.82,0.287265548,0.549597855,0.766367226,0.762613837,0.764488228,0.760290285,0.434657313,0.737852557,0.38,0.316666667,0.345454545,0.237529691,8
0.413306452,0.82,0.287265548,0.549597855,0.766367226,0.762613837,0.764488228,0.760290285,0.434657313,0.737852557,0.38,0.316666667,0.345454545,0.237529691,8
0.413306452,0.82,0.287265548,0.549597855,0.766367226,0.762613837,0.764488228,0.760290285,0.434657313,0.737852557,0.38,0.316666667,0.345454545,0.237529691,8
0.413306452,0.82,0.287265548,0.549597855,0.766367226,0.762613837,0.764488228,0.760290285,0.434657313,0.737852557,0.38,0.316666667,0.345454545,0.237529691,8
0.413306452,0.82,0.287265548,0.549597855,0.766367226,0.762613837,0.764488228,0.760290285,0.434657313,0.737852557,0.38,0.316666667,0.345454545,0.237529691,8
0.413306452,0.82,0.287265548,0.549597855,0.766367226,0.762613837,0.764488228,0.760290285,0.434657313,0.737852557,0.38,0.316666667,0.345454545,0.237529691,8
0.413306452,0.82,0.287265548,0.549597855,0.766367226,0.762613837,0.764488228,0.760290285,0.434657313,0.737852557,0.38,0.316666667,0.345454545,0.237529691,8
0.413306452,0.82,0.287265548,0.549597855,0.766367226,0.762613837,0.764488228,0.760290285,0.434657313,0.737852557,0.38,0.316666667,0.345454545,0.237529691,8
0.413306452,0.82,0.287265548,0.549597855,0.766367226,0.762613837,0.764488228,0.760290285,0.434657313,0.737852557,0.38,0.316666667,0.345454545,0.237529691,8
0.413306452,0.82,0.287265548,0.549597855,0.766367226,0.762613837,0.764488228,0.760290285,0.434657313,0.737852557,0.38,0.316666667,0.345454545,0.237529691,8
0.413306452,0.82,0.287265548,0.549597855,0.766367226,0.762613837,0.764488228,0.760290285,0.434657313,0.737852557,0.38,0.316666667,0.345454545,0.237529691,8
0.413306452,0.82,0.287265548,0.549597855,0.766367226,0.762613837,0.764488228,0.760290285,0.434657313,0.737852557,0.38,0.316666667,0.345454545,0.237529691,8
0.413306452,0.82,0.287265548,0.549597855,0.766367226,0.762613837,0.764488228,0.760290285,0.434657313,0.737852557,0.38,0.316666667,0.345454545,0.237529691,8
0.413306452,0.82,0.287265548,0.549597855,0.766367226,0.762613837,0.764488228,0.760290285,0.434657313,0.737852557,0.38,0.316666667,0.345454545,0.237529691,8
0.413306452,0.82,0.287265548,0.549597855,0.766367226,0.762613837,0.764488228,0.760290285,0.434657313,0.737852557,0.38,0.316666667,0.345454545,0.237529691,8
0.413306452,0.82,0.287265548,0.549597855,0.766367226,0.762613837,0.764488228,0.760290285,0.434657313,0.737852557,0.38,0.316666667,0.345454545,0.237529691,8
0.413306452,0.82,0.287265548,0.549597855,0.766367226,0.762613837,0.764488228,0.760290285,0.434657313,0.737852557,0.38,0.316666667,0.345454545,0.237529691,8
0.413306452,0.82,0.287265548,0.549597855,0.766367226,0.762613837,0.764488228,0.760290285,0.434657313,0.737852557,0.38,0.316666667,0.345454545,0.237529691,8
0.413306452,0.82,0.287265548,0.549597855,0.766367226,0.762613837,0.764488228,0.760290285,0.434657313,0.737852557,0.38,0.316666667,0.345454545,0.237529691,8
0.413306452,0.82,0.287265548,0.549597855,0.766367226,0.762613837,0.764488228,0.760290285,0.434657313,0.737852557,0.38,0.316666667,0.345454545,0.237529691,8
0.413306452,0.82,0.287265548,0.549597855,0.766367226,0.762613837,0.764488228,0.760290285,0.434657313,0.737852557,0.38,0.316666667,0.345454545,0.237529691,8
0.413306452,0.82,0.287265548,0.549597855,0.766367226,0.762613837,0.764488228,0.760290285,0.434657313,0.737852557,0.38,0.316666667,0.345454545,0.237529691,8
0.413306452,0.82,0.287265548,0.549597855,0.766367226,0.762613837,0.764488228,0.760290285,0.434657313,0.737852557,0.38,0.316666667,0.345454545,0.237529691,8
0.413306452,0.82,0.287265548,0.549597855,0.766367226,0.762613837,0.764488228,0.760290285,0.434657313,0.737852557,0.38,0.316666667,0.345454545,0.237529691,8
0.413306452,0.82,0.287265548,0.549597855,0.766367226,0.762613837,0.764488228,0.760290285,0.434657313,0.737852557,0.38,0.316666667,0.345454545,0.237529691,8
0.413306452,0.82,0.287265548,0.549597855,0.766367226,0.762613837,0.764488228,0.760290285,0.434657313,0.737852557,0.38,0.316666667,0.345454545,0.237529691,8
0.413306452,0.82,0.287265548,0.549597855,0.766367226,0.762613837,0.764488228,0.760290285,0.434657313,0.737852557,0.38,0.316666667,0.345454545,0.237529691,8
0.413306452,0.82,0.287265548,0.549597855,0.766367226,0.762613837,0.764488228,0.760290285,0.434657313,0.737852557,0.38,0.316666667,0.345454545,0.237529691,8
0.413306452,0.82,0.287265548,0.549597855,0.766367226,0.762613837,0.764488228,0.760290285,0.434657313,0.737852557,0.38,0.316666667,0.345454545,0.237529691,8
0.413306452,0.82,0.287265548,0.549597855,0.766367226,0.762613837,0.764488228,0.760290285,0.434657313,0.737852557,0.38,0.316666667,0.345454545,0.237529691,8
0.413306452,0.82,0.287265548,0.549597855,0.766367226,0.762613837,0.764488228,0.760290285,0.434657313,0.737852557,0.38,0.316666667,0.345454545,0.237529691,8
0.413306452,0.82,0.287265548,0.549597855,0.766367226,0.762613837,0.764488228,0.760290285,0.434657313,0.737852557,0.38,0.316666667,0.345454545,0.237529691,8
0.413306452,0.82,0.287265548,0.549597855,0.766367226,0.762613837,0.764488228,0.760290285,0.434657313,0.737852557,0.38,0.316666667,0.345454545,0.237529691,8
0.413306452,0.82,0.287265548,0.549597855,0.766367226,0.762613837,0.764488228,0.760290285,0.434657313,0.737852557,0.38,0.316666667,0.345454545,0.237529691,8
0.413306452,0.82,0.287265548,0.549597855,0.766367226,0.762613837,0.764488228,0.760290285,0.434657313,0.737852557,0.38,0.316666667,0.345454545,0.237529691,8
0.413306452,0.82,0.287265548,0.549597855,0.766367226,0.762613837,0.764488228,0.760290285,0.434657313,0.737852557,0.38,0.316666667,0.345454545,0.237529691,8
0.413306452,0.82,0.287265548,0.549597855,0.766367226,0.762613837,0.764488228,0.760290285,0.434657313,0.737852557,0.38,0.316666667,0.345454545,0.237529691,8
