0.173913043,0.571428571,0.475,0.266666667,0.548214286,0.54723127,0.547722558,0.547618264,0.068677616,0.618570863,0.428571429,0.230769231,0.3,0.276595745,7
0.173913043,0.571428571,0.475,0.266666667,0.548214286,0.54723127,0.547722558,0.547618264,0.068677616,0.618570863,0.428571429,0.230769231,0.3,0.276595745,7
0.173913043,0.571428571,0.475,0.266666667,0.548214286,0.54723127,0.547722558,0.547618264,0.068677616,0.618570863,0.428571429,0.230769231,0.3,0.276595745,7
0.173913043,0.571428571,0.475,0.266666667,0.548214286,0.54723127,0.547722558,0.547618264,0.068677616,0.618570863,0.428571429,0.230769231,0.3,0.276595745,7
0.173913043,0.571428571,0.475,0.266666667,0.548214286,0.54723127,0.547722558,0.547618264,0.068677616,0.618570863,0.428571429,0.230769231,0.3,0.276595745,7
0.173913043,0.571428571,0.475,0.266666667,0.548214286,0.54723127,0.547722558,0.547618264,0.068677616,0.618570863,0.428571429,0.230769231,0.3,0.276595745,7
0.173913043,0.571428571,0.475,0.266666667,0.548214286,0.54723127,0.547722558,0.547618264,0.068677616,0.618570863,0.428571429,0.230769231,0.3,0.276595745,7
0.173913043,0.571428571,0.475,0.266666667,0.548214286,0.54723127,0.547722558,0.547618264,0.068677616,0.618570863,0.428571429,0.230769231,0.3,0.276595745,7
0.173913043,0.571428571,0.475,0.266666667,0.548214286,0.54723127,0.547722558,0.547618264,0.068677616,0.618570863,0.428571429,0.230769231,0.3,0.276595745,7
0.173913043,0.571428571,0.475,0.266666667,0.548214286,0.54723127,0.547722558,0.547618264,0.068677616,0.618570863,0.428571429,0.230769231,0.3,0.276595745,7
0.173913043,0.571428571,0.475,0.266666667,0.548214286,0.54723127,0.547722558,0.547618264,0.068677616,0.618570863,0.428571429,0.230769231,0.3,0.276595745,7
0.173913043,0.571428571,0.475,0.266666667,0.548214286,0.54723127,0.547722558,0.547618264,0.068677616,0.618570863,0.428571429,0.230769231,0.3,0.276595745,7
0.173913043,0.571428571,0.475,0.266666667,0.548214286,0.54723127,0.547722558,0.547618264,0.068677616,0.618570863,0.428571429,0.230769231,0.3,0.276595745,7
0.173913043,0.571428571,0.475,0.266666667,0.548214286,0.54723127,0.547722558,0.547618264,0.068677616,0.618570863,0.428571429,0.230769231,0.3,0.276595745,7
0.173913043,0.571428571,0.475,0.266666667,0.548214286,0.54723127,0.547722558,0.547618264,0.068677616,0.618570863,0.428571429,0.230769231,0.3,0.276595745,7
0.173913043,0.571428571,0.475,0.266666667,0.548214286,0.54723127,0.547722558,0.547618264,0.068677616,0.618570863,0.428571429,0.230769231,0.3,0.276595745,7
0.173913043,0.571428571,0.475,0.266666667,0.548214286,0.54723127,0.547722558,0.547618264,0.068677616,0.618570863,0.428571429,0.230769231,0.3,0.276595745,7
0.173913043,0.571428571,0.475,0.266666667,0.548214286,0.54723127,0.547722558,0.547618264,0.068677616,0.618570863,0.428571429,0.230769231,0.3,0.276595745,7
0.173913043,0.571428571,0.475,0.266666667,0.548214286,0.54723127,0.547722558,0.547618264,0.068677616,0.618570863,0.428571429,0.230769231,0.3,0.276595745,7
0.173913043,0.571428571,0.475,0.266666667,0.548214286,0.54723127,0.547722558,0.547618264,0.068677616,0.618570863,0.428571429,0.230769231,0.3,0.276595745,7
0.173913043,0.571428571,0.475,0.266666667,0.548214286,0.54723127,0.547722558,0.547618264,0.068677616,0.618570863,0.428571429,0.230769231,0.3,0.276595745,7
0.173913043,0.571428571,0.475,0.266666667,0.548214286,0.54723127,0.547722558,0.547618264,0.068677616,0.618570863,0.428571429,0.230769231,0.3,0.276595745,7
0.173913043,0.571428571,0.475,0.266666667,0.548214286,0.54723127,0.547722558,0.547618264,0.068677616,0.618570863,0.428571429,0.230769231,0.3,0.276595745,7
0.173913043,0.571428571,0.475,0.266666667,0.548214286,0.54723127,0.547722558,0.547618264,0.068677616,0.618570863,0.428571429,0.230769231,0.3,0.276595745,7
0.173913043,0.571428571,0.475,0.266666667,0.548214286,0.54723127,0.547722558,0.547618264,0.068677616,0.618570863,0.428571429,0.230769231,0.3,0.276595745,7
0.173913043,0.571428571,0.475,0.266666667,0.548214286,0.54723127,0.547722558,0.547618264,0.068677616,0.618570863,0.428571429,0.230769231,0.3,0.276595745,7
0.173913043,0.571428571,0.475,0.266666667,0.548214286,0.54723127,0.547722558,0.547618264,0.068677616,0.618570863,0.428571429,0.230769231,0.3,0.276595745,7
0.173913043,0.571428571,0.475,0.266666667,0.548214286,0.54723127,0.547722558,0.547618264,0.068677616,0.618570863,0.428571429,0.230769231,0.3,0.276595745,7
0.173913043,0.571428571,0.475,0.266666667,0.548214286,0.54723127,0.547722558,0.547618264,0.068677616,0.618570863,0.428571429,0.230769231,0.3,0.276595745,7
0.173913043,0.571428571,0.475,0.266666667,0.548214286,0.54723127,0.547722558,0.547618264,0.068677616,0.618570863,0.428571429,0.230769231,0.3,0.276595745,7
0.173913043,0.571428571,0.475,0.266666667,0.548214286,0.54723127,0.547722558,0.547618264,0.068677616,0.618570863,0.428571429,0.230769231,0.3,0.276595745,7
0.173913043,0.571428571,0.475,0.266666667,0.548214286,0.54723127,0.547722558,0.547618264,0.068677616,0.618570863,0.428571429,0.230769231,0.3,0.276595745,7
0.173913043,0.571428571,0.475,0.266666667,0.548214286,0.54723127,0.547722558,0.547618264,0.068677616,0.618570863,0.428571429,0.230769231,0.3,0.276595745,7
0.173913043,0.571428571,0.475,0.266666667,0.548214286,0.54723127,0.547722558,0.547618264,0.068677616,0.618570863,0.428571429,0.230769231,0.3,0.276595745,7
0.173913043,0.571428571,0.475,0.266666667,0.548214286,0.54723127,0.547722558,0.547618264,0.068677616,0.618570863,0.428571429,0.230769231,0.3,0.276595745,7
0.173913043,0.571428571,0.475,0.266666667,0.548214286,0.54723127,0.547722558,0.547618264,0.068677616,0.618570863,0.428571429,0.230769231,0.3,0.276595745,7
0.173913043,0.571428571,0.475,0.266666667,0.548214286,0.54723127,0.547722558,0.547618264,0.068677616,0.618570863,0.428571429,0.230769231,0.3,0.276595745,7
0.173913043,0.571428571,0.475,0.266666667,0.548214286,0.54723127,0.547722558,0.547618264,0.068677616,0.618570863,0.428571429,0.230769231,0.3,0.276595745,7
0.173913043,0.571428571,0.475,0.266666667,0.548214286,0.54723127,0.547722558,0.547618264,0.068677616,0.618570863,0.428571429,0.230769231,0.3,0.276595745,7
0.173913043,0.571428571,0.475,0.266666667,0.548214286,0.54723127,0.547722558,0.547618264,0.068677616,0.618570863,0.428571429,0.230769231,0.3,0.276595745,7
0.173913043,0.571428571,0.475,0.266666667,0.548214286,0.54723127,0.547722558,0.547618264,0.068677616,0.618570863,0.428571429,0.230769231,0.3,0.276595745,7
0.173913043,0.571428571,0.475,0.266666667,0.548214286,0.54723127,0.547722558,0.547618264,0.068677616,0.618570863,0.428571429,0.230769231,0.3,0.276595745,7
0.173913043,0.571428571,0.475,0.266666667,0.548214286,0.54723127,0.547722558,0.547618264,0.068677616,0.618570863,0.428571429,0.230769231,0.3,0.276595745,7
0.173913043,0.571428571,0.475,0.266666667,0.548214286,0.54723127,0.547722558,0.547618264,0.068677616,0.618570863,0.428571429,0.230769231,0.3,0.276595745,7
0.173913043,0.571428571,0.475,0.266666667,0.548214286,0.54723127,0.547722558,0.547618264,0.068677616,0.618570863,0.428571429,0.230769231,0.3,0.276595745,7
0.173913043,0.571428571,0.475,0.266666667,0.548214286,0.54723127,0.547722558,0.547618264,0.068677616,0.618570863,0.428571429,0.230769231,0.3,0.276595745,7
0.173913043,0.571428571,0.475,0.266666667,0.548214286,0.54723127,0.547722558,0.547618264,0.068677616,0.618570863,0.428571429,0.230769231,0.3,0.276595745,7
0.173913043,0.571428571,0.475,0.266666667,0.548214286,0.54723127,0.547722558,0.547618264,0.068677616,0.618570863,0.428571429,0.230769231,0.3,0.276595745,7
0.173913043,0.571428571,0.475,0.266666667,0.548214286,0.54723127,0.547722558,0.547618264,0.068677616,0.618570863,0.428571429,0.230769231,0.3,0.276595745,7
0.173913043,0.571428571,0.475,0.266666667,0.548214286,0.54723127,0.547722558,0.547618264,0.068677616,0.618570863,0.428571429,0.230769231,0.3,0.276595745,7
