0.168190128,0.321678322,0.209677419,0.220888355,0.556000451,0.457247185,0.504211901,0.497961695,0.086345116,0.522842901,0.255244755,0.172985782,0.206214689,0.171824104,5
0.168190128,0.321678322,0.209677419,0.220888355,0.556000451,0.457247185,0.504211901,0.497961695,0.086345116,0.522842901,0.255244755,0.172985782,0.206214689,0.171824104,5
0.168190128,0.321678322,0.209677419,0.220888355,0.556000451,0.457247185,0.504211901,0.497961695,0.086345116,0.522842901,0.255244755,0.172985782,0.206214689,0.171824104,5
0.168190128,0.321678322,0.209677419,0.220888355,0.556000451,0.457247185,0.504211901,0.497961695,0.086345116,0.522842901,0.255244755,0.172985782,0.206214689,0.171824104,5
0.168190128,0.321678322,0.209677419,0.220888355,0.556000451,0.457247185,0.504211901,0.497961695,0.086345116,0.522842901,0.255244755,0.172985782,0.206214689,0.171824104,5
0.168190128,0.321678322,0.209677419,0.220888355,0.556000451,0.457247185,0.504211901,0.497961695,0.086345116,0.522842901,0.255244755,0.172985782,0.206214689,0.171824104,5
0.168190128,0.321678322,0.209677419,0.220888355,0.556000451,0.457247185,0.504211901,0.497961695,0.086345116,0.522842901,0.255244755,0.172985782,0.206214689,0.171824104,5
0.168190128,0.321678322,0.209677419,0.220888355,0.556000451,0.457247185,0.504211901,0.497961695,0.086345116,0.522842901,0.255244755,0.172985782,0.206214689,0.171824104,5
0.168190128,0.321678322,0.209677419,0.220888355,0.556000451,0.457247185,0.504211901,0.497961695,0.086345116,0.522842901,0.255244755,0.172985782,0.206214689,0.171824104,5
0.168190128,0.321678322,0.209677419,0.220888355,0.556000451,0.457247185,0.504211901,0.497961695,0.086345116,0.522842901,0.255244755,0.172985782,0.206214689,0.171824104,5
0.168190128,0.321678322,0.209677419,0.220888355,0.556000451,0.457247185,0.504211901,0.497961695,0.086345116,0.522842901,0.255244755,0.172985782,0.206214689,0.171824104,5
0.168190128,0.321678322,0.209677419,0.220888355,0.556000451,0.457247185,0.504211901,0.497961695,0.086345116,0.522842901,0.255244755,0.172985782,0.206214689,0.171824104,5
0.168190128,0.321678322,0.209677419,0.220888355,0.556000451,0.457247185,0.504211901,0.497961695,0.086345116,0.522842901,0.255244755,0.172985782,0.206214689,0.171824104,5
0.168190128,0.321678322,0.209677419,0.220888355,0.556000451,0.457247185,0.504211901,0.497961695,0.086345116,0.522842901,0.255244755,0.172985782,0.206214689,0.171824104,5
0.168190128,0.321678322,0.209677419,0.220888355,0.556000451,0.457247185,0.504211901,0.497961695,0.086345116,0.522842901,0.255244755,0.172985782,0.206214689,0.171824104,5
0.168190128,0.321678322,0.209677419,0.220888355,0.556000451,0.457247185,0.504211901,0.497961695,0.086345116,0.522842901,0.255244755,0.172985782,0.206214689,0.171824104,5
0.168190128,0.321678322,0.209677419,0.220888355,0.556000451,0.457247185,0.504211901,0.497961695,0.086345116,0.522842901,0.255244755,0.172985782,0.206214689,0.171824104,5
0.168190128,0.321678322,0.209677419,0.220888355,0.556000451,0.457247185,0.504211901,0.497961695,0.086345116,0.522842901,0.255244755,0.172985782,0.206214689,0.171824104,5
0.168190128,0.321678322,0.209677419,0.220888355,0.556000451,0.457247185,0.504211901,0.497961695,0.086345116,0.522842901,0.255244755,0.172985782,0.206214689,0.171824104,5
0.168190128,0.321678322,0.209677419,0.220888355,0.556000451,0.457247185,0.504211901,0.497961695,0.086345116,0.522842901,0.255244755,0.172985782,0.206214689,0.171824104,5
0.168190128,0.321678322,0.209677419,0.220888355,0.556000451,0.457247185,0.504211901,0.497961695,0.086345116,0.522842901,0.255244755,0.172985782,0.206214689,0.171824104,5
0.168190128,0.321678322,0.209677419,0.220888355,0.556000451,0.457247185,0.504211901,0.497961695,0.086345116,0.522842901,0.255244755,0.172985782,0.206214689,0.171824104,5
0.168190128,0.321678322,0.209677419,0.220888355,0.556000451,0.457247185,0.504211901,0.497961695,0.086345116,0.522842901,0.255244755,0.172985782,0.206214689,0.171824104,5
0.168190128,0.321678322,0.209677419,0.220888355,0.556000451,0.457247185,0.504211901,0.497961695,0.086345116,0.522842901,0.255244755,0.172985782,0.206214689,0.171824104,5
0.168190128,0.321678322,0.209677419,0.220888355,0.556000451,0.457247185,0.504211901,0.497961695,0.086345116,0.522842901,0.255244755,0.172985782,0.206214689,0.171824104,5
0.168190128,0.321678322,0.209677419,0.220888355,0.556000451,0.457247185,0.504211901,0.497961695,0.086345116,0.522842901,0.255244755,0.172985782,0.206214689,0.171824104,5
0.168190128,0.321678322,0.209677419,0.220888355,0.556000451,0.457247185,0.504211901,0.497961695,0.086345116,0.522842901,0.255244755,0.172985782,0.206214689,0.171824104,5
0.168190128,0.321678322,0.209677419,0.220888355,0.556000451,0.457247185,0.504211901,0.497961695,0.086345116,0.522842901,0.255244755,0.172985782,0.206214689,0.171824104,5
0.168190128,0.321678322,0.209677419,0.220888355,0.556000451,0.457247185,0.504211901,0.497961695,0.086345116,0.522842901,0.255244755,0.172985782,0.206214689,0.171824104,5
0.168190128,0.321678322,0.209677419,0.220888355,0.556000451,0.457247185,0.504211901,0.497961695,0.086345116,0.522842901,0.255244755,0.172985782,0.206214689,0.171824104,5
0.168190128,0.321678322,0.209677419,0.220888355,0.556000451,0.457247185,0.504211901,0.497961695,0.086345116,0.522842901,0.255244755,0.172985782,0.206214689,0.171824104,5
0.168190128,0.321678322,0.209677419,0.220888355,0.556000451,0.457247185,0.504211901,0.497961695,0.086345116,0.522842901,0.255244755,0.172985782,0.206214689,0.171824104,5
0.168190128,0.321678322,0.209677419,0.220888355,0.556000451,0.457247185,0.504211901,0.497961695,0.086345116,0.522842901,0.255244755,0.172985782,0.206214689,0.171824104,5
0.168190128,0.321678322,0.209677419,0.220888355,0.556000451,0.457247185,0.504211901,0.497961695,0.086345116,0.522842901,0.255244755,0.172985782,0.206214689,0.171824104,5
0.168190128,0.321678322,0.209677419,0.220888355,0.556000451,0.457247185,0.504211901,0.497961695,0.086345116,0.522842901,0.255244755,0.172985782,0.206214689,0.171824104,5
0.168190128,0.321678322,0.209677419,0.220888355,0.556000451,0.457247185,0.504211901,0.497961695,0.086345116,0.522842901,0.255244755,0.172985782,0.206214689,0.171824104,5
0.168190128,0.321678322,0.209677419,0.220888355,0.556000451,0.457247185,0.504211901,0.497961695,0.086345116,0.522842901,0.255244755,0.172985782,0.206214689,0.171824104,5
0.168190128,0.321678322,0.209677419,0.220888355,0.556000451,0.457247185,0.504211901,0.497961695,0.086345116,0.522842901,0.255244755,0.172985782,0.206214689,0.171824104,5
0.168190128,0.321678322,0.209677419,0.220888355,0.556000451,0.457247185,0.504211901,0.497961695,0.086345116,0.522842901,0.255244755,0.172985782,0.206214689,0.171824104,5
0.168190128,0.321678322,0.209677419,0.220888355,0.556000451,0.457247185,0.504211901,0.497961695,0.086345116,0.522842901,0.255244755,0.172985782,0.206214689,0.171824104,5
0.168190128,0.321678322,0.209677419,0.220888355,0.556000451,0.457247185,0.504211901,0.497961695,0.086345116,0.522842901,0.255244755,0.172985782,0.206214689,0.171824104,5
0.168190128,0.321678322,0.209677419,0.220888355,0.556000451,0.457247185,0.504211901,0.497961695,0.086345116,0.522842901,0.255244755,0.172985782,0.206214689,0.171824104,5
0.168190128,0.321678322,0.209677419,0.220888355,0.556000451,0.457247185,0.504211901,0.497961695,0.086345116,0.522842901,0.255244755,0.172985782,0.206214689,0.171824104,5
0.168190128,0.321678322,0.209677419,0.220888355,0.556000451,0.457247185,0.504211901,0.497961695,0.086345116,0.522842901,0.255244755,0.172985782,0.206214689,0.171824104,5
0.168190128,0.321678322,0.209677419,0.220888355,0.556000451,0.457247185,0.504211901,0.497961695,0.086345116,0.522842901,0.255244755,0.172985782,0.206214689,0.171824104,5
0.168190128,0.321678322,0.209677419,0.220888355,0.556000451,0.457247185,0.504211901,0.497961695,0.086345116,0.522842901,0.255244755,0.172985782,0.206214689,0.171824104,5
0.168190128,0.321678322,0.209677419,0.220888355,0.556000451,0.457247185,0.504211901,0.497961695,0.086345116,0.522842901,0.255244755,0.172985782,0.206214689,0.171824104,5
0.168190128,0.321678322,0.209677419,0.220888355,0.556000451,0.457247185,0.504211901,0.497961695,0.086345116,0.522842901,0.255244755,0.172985782,0.206214689,0.171824104,5
0.168190128,0.321678322,0.209677419,0.220888355,0.556000451,0.457247185,0.504211901,0.497961695,0.086345116,0.522842901,0.255244755,0.172985782,0.206214689,0.171824104,5
0.168190128,0.321678322,0.209677419,0.220888355,0.556000451,0.457247185,0.504211901,0.497961695,0.086345116,0.522842901,0.255244755,0.172985782,0.206214689,0.171824104,5
