0.43434343434343436,0.5657894736842105,0.2,0.49142857142857144,0.6828947368421053,0.6628131021194604,0.6727789971063072,0.6619624420545589,0.33452829455699346,0.6866144954222305,0.5131578947368421,0.42857142857142855,0.46706586826347307,0.2556179775280899,2.0
0.43434343434343436,0.5657894736842105,0.2,0.49142857142857144,0.6828947368421053,0.6628131021194604,0.6727789971063072,0.6619624420545589,0.33452829455699346,0.6866144954222305,0.5131578947368421,0.42857142857142855,0.46706586826347307,0.2556179775280899,2.0
0.43434343434343436,0.5657894736842105,0.2,0.49142857142857144,0.6828947368421053,0.6628131021194604,0.6727789971063072,0.6619624420545589,0.33452829455699346,0.6866144954222305,0.5131578947368421,0.42857142857142855,0.46706586826347307,0.2556179775280899,2.0
0.43434343434343436,0.5657894736842105,0.2,0.49142857142857144,0.6828947368421053,0.6628131021194604,0.6727789971063072,0.6619624420545589,0.33452829455699346,0.6866144954222305,0.5131578947368421,0.42857142857142855,0.46706586826347307,0.2556179775280899,2.0
0.43434343434343436,0.5657894736842105,0.2,0.49142857142857144,0.6828947368421053,0.6628131021194604,0.6727789971063072,0.6619624420545589,0.33452829455699346,0.6866144954222305,0.5131578947368421,0.42857142857142855,0.46706586826347307,0.2556179775280899,2.0
0.43434343434343436,0.5657894736842105,0.2,0.49142857142857144,0.6828947368421053,0.6628131021194604,0.6727789971063072,0.6619624420545589,0.33452829455699346,0.6866144954222305,0.5131578947368421,0.42857142857142855,0.46706586826347307,0.2556179775280899,2.0
0.43434343434343436,0.5657894736842105,0.2,0.49142857142857144,0.6828947368421053,0.6628131021194604,0.6727789971063072,0.6619624420545589,0.33452829455699346,0.6866144954222305,0.5131578947368421,0.42857142857142855,0.46706586826347307,0.2556179775280899,2.0
0.43434343434343436,0.5657894736842105,0.2,0.49142857142857144,0.6828947368421053,0.6628131021194604,0.6727789971063072,0.6619624420545589,0.33452829455699346,0.6866144954222305,0.5131578947368421,0.42857142857142855,0.46706586826347307,0.2556179775280899,2.0
0.43434343434343436,0.5657894736842105,0.2,0.49142857142857144,0.6828947368421053,0.6628131021194604,0.6727789971063072,0.6619624420545589,0.33452829455699346,0.6866144954222305,0.5131578947368421,0.42857142857142855,0.46706586826347307,0.2556179775280899,2.0
0.43434343434343436,0.5657894736842105,0.2,0.49142857142857144,0.6828947368421053,0.6628131021194604,0.6727789971063072,0.6619624420545589,0.33452829455699346,0.6866144954222305,0.5131578947368421,0.42857142857142855,0.46706586826347307,0.2556179775280899,2.0
0.43434343434343436,0.5657894736842105,0.2,0.49142857142857144,0.6828947368421053,0.6628131021194604,0.6727789971063072,0.6619624420545589,0.33452829455699346,0.6866144954222305,0.5131578947368421,0.42857142857142855,0.46706586826347307,0.2556179775280899,2.0
0.43434343434343436,0.5657894736842105,0.2,0.49142857142857144,0.6828947368421053,0.6628131021194604,0.6727789971063072,0.6619624420545589,0.33452829455699346,0.6866144954222305,0.5131578947368421,0.42857142857142855,0.46706586826347307,0.2556179775280899,2.0
0.43434343434343436,0.5657894736842105,0.2,0.49142857142857144,0.6828947368421053,0.6628131021194604,0.6727789971063072,0.6619624420545589,0.33452829455699346,0.6866144954222305,0.5131578947368421,0.42857142857142855,0.46706586826347307,0.2556179775280899,2.0
0.43434343434343436,0.5657894736842105,0.2,0.49142857142857144,0.6828947368421053,0.6628131021194604,0.6727789971063072,0.6619624420545589,0.33452829455699346,0.6866144954222305,0.5131578947368421,0.42857142857142855,0.46706586826347307,0.2556179775280899,2.0
0.43434343434343436,0.5657894736842105,0.2,0.49142857142857144,0.6828947368421053,0.6628131021194604,0.6727789971063072,0.6619624420545589,0.33452829455699346,0.6866144954222305,0.5131578947368421,0.42857142857142855,0.46706586826347307,0.2556179775280899,2.0
0.43434343434343436,0.5657894736842105,0.2,0.49142857142857144,0.6828947368421053,0.6628131021194604,0.6727789971063072,0.6619624420545589,0.33452829455699346,0.6866144954222305,0.5131578947368421,0.42857142857142855,0.46706586826347307,0.2556179775280899,2.0
0.43434343434343436,0.5657894736842105,0.2,0.49142857142857144,0.6828947368421053,0.6628131021194604,0.6727789971063072,0.6619624420545589,0.33452829455699346,0.6866144954222305,0.5131578947368421,0.42857142857142855,0.46706586826347307,0.2556179775280899,2.0
0.43434343434343436,0.5657894736842105,0.2,0.49142857142857144,0.6828947368421053,0.6628131021194604,0.6727789971063072,0.6619624420545589,0.33452829455699346,0.6866144954222305,0.5131578947368421,0.42857142857142855,0.46706586826347307,0.2556179775280899,2.0
0.43434343434343436,0.5657894736842105,0.2,0.49142857142857144,0.6828947368421053,0.6628131021194604,0.6727789971063072,0.6619624420545589,0.33452829455699346,0.6866144954222305,0.5131578947368421,0.42857142857142855,0.46706586826347307,0.2556179775280899,2.0
0.43434343434343436,0.5657894736842105,0.2,0.49142857142857144,0.6828947368421053,0.6628131021194604,0.6727789971063072,0.6619624420545589,0.33452829455699346,0.6866144954222305,0.5131578947368421,0.42857142857142855,0.46706586826347307,0.2556179775280899,2.0
0.43434343434343436,0.5657894736842105,0.2,0.49142857142857144,0.6828947368421053,0.6628131021194604,0.6727789971063072,0.6619624420545589,0.33452829455699346,0.6866144954222305,0.5131578947368421,0.42857142857142855,0.46706586826347307,0.2556179775280899,2.0
0.43434343434343436,0.5657894736842105,0.2,0.49142857142857144,0.6828947368421053,0.6628131021194604,0.6727789971063072,0.6619624420545589,0.33452829455699346,0.6866144954222305,0.5131578947368421,0.42857142857142855,0.46706586826347307,0.2556179775280899,2.0
0.43434343434343436,0.5657894736842105,0.2,0.49142857142857144,0.6828947368421053,0.6628131021194604,0.6727789971063072,0.6619624420545589,0.33452829455699346,0.6866144954222305,0.5131578947368421,0.42857142857142855,0.46706586826347307,0.2556179775280899,2.0
0.43434343434343436,0.5657894736842105,0.2,0.49142857142857144,0.6828947368421053,0.6628131021194604,0.6727789971063072,0.6619624420545589,0.33452829455699346,0.6866144954222305,0.5131578947368421,0.42857142857142855,0.46706586826347307,0.2556179775280899,2.0
0.43434343434343436,0.5657894736842105,0.2,0.49142857142857144,0.6828947368421053,0.6628131021194604,0.6727789971063072,0.6619624420545589,0.33452829455699346,0.6866144954222305,0.5131578947368421,0.42857142857142855,0.46706586826347307,0.2556179775280899,2.0
0.43434343434343436,0.5657894736842105,0.2,0.49142857142857144,0.6828947368421053,0.6628131021194604,0.6727789971063072,0.6619624420545589,0.33452829455699346,0.6866144954222305,0.5131578947368421,0.42857142857142855,0.46706586826347307,0.2556179775280899,2.0
0.43434343434343436,0.5657894736842105,0.2,0.49142857142857144,0.6828947368421053,0.6628131021194604,0.6727789971063072,0.6619624420545589,0.33452829455699346,0.6866144954222305,0.5131578947368421,0.42857142857142855,0.46706586826347307,0.2556179775280899,2.0
0.43434343434343436,0.5657894736842105,0.2,0.49142857142857144,0.6828947368421053,0.6628131021194604,0.6727789971063072,0.6619624420545589,0.33452829455699346,0.6866144954222305,0.5131578947368421,0.42857142857142855,0.46706586826347307,0.2556179775280899,2.0
0.43434343434343436,0.5657894736842105,0.2,0.49142857142857144,0.6828947368421053,0.6628131021194604,0.6727789971063072,0.6619624420545589,0.33452829455699346,0.6866144954222305,0.5131578947368421,0.42857142857142855,0.46706586826347307,0.2556179775280899,2.0
0.43434343434343436,0.5657894736842105,0.2,0.49142857142857144,0.6828947368421053,0.6628131021194604,0.6727789971063072,0.6619624420545589,0.33452829455699346,0.6866144954222305,0.5131578947368421,0.42857142857142855,0.46706586826347307,0.2556179775280899,2.0
0.43434343434343436,0.5657894736842105,0.2,0.49142857142857144,0.6828947368421053,0.6628131021194604,0.6727789971063072,0.6619624420545589,0.33452829455699346,0.6866144954222305,0.5131578947368421,0.42857142857142855,0.46706586826347307,0.2556179775280899,2.0
0.43434343434343436,0.5657894736842105,0.2,0.49142857142857144,0.6828947368421053,0.6628131021194604,0.6727789971063072,0.6619624420545589,0.33452829455699346,0.6866144954222305,0.5131578947368421,0.42857142857142855,0.46706586826347307,0.2556179775280899,2.0
0.43434343434343436,0.5657894736842105,0.2,0.49142857142857144,0.6828947368421053,0.6628131021194604,0.6727789971063072,0.6619624420545589,0.33452829455699346,0.6866144954222305,0.5131578947368421,0.42857142857142855,0.46706586826347307,0.2556179775280899,2.0
0.43434343434343436,0.5657894736842105,0.2,0.49142857142857144,0.6828947368421053,0.6628131021194604,0.6727789971063072,0.6619624420545589,0.33452829455699346,0.6866144954222305,0.5131578947368421,0.42857142857142855,0.46706586826347307,0.2556179775280899,2.0
0.43434343434343436,0.5657894736842105,0.2,0.49142857142857144,0.6828947368421053,0.6628131021194604,0.6727789971063072,0.6619624420545589,0.33452829455699346,0.6866144954222305,0.5131578947368421,0.42857142857142855,0.46706586826347307,0.2556179775280899,2.0
0.43434343434343436,0.5657894736842105,0.2,0.49142857142857144,0.6828947368421053,0.6628131021194604,0.6727789971063072,0.6619624420545589,0.33452829455699346,0.6866144954222305,0.5131578947368421,0.42857142857142855,0.46706586826347307,0.2556179775280899,2.0
0.43434343434343436,0.5657894736842105,0.2,0.49142857142857144,0.6828947368421053,0.6628131021194604,0.6727789971063072,0.6619624420545589,0.33452829455699346,0.6866144954222305,0.5131578947368421,0.42857142857142855,0.46706586826347307,0.2556179775280899,2.0
0.43434343434343436,0.5657894736842105,0.2,0.49142857142857144,0.6828947368421053,0.6628131021194604,0.6727789971063072,0.6619624420545589,0.33452829455699346,0.6866144954222305,0.5131578947368421,0.42857142857142855,0.46706586826347307,0.2556179775280899,2.0
0.43434343434343436,0.5657894736842105,0.2,0.49142857142857144,0.6828947368421053,0.6628131021194604,0.6727789971063072,0.6619624420545589,0.33452829455699346,0.6866144954222305,0.5131578947368421,0.42857142857142855,0.46706586826347307,0.2556179775280899,2.0
0.43434343434343436,0.5657894736842105,0.2,0.49142857142857144,0.6828947368421053,0.6628131021194604,0.6727789971063072,0.6619624420545589,0.33452829455699346,0.6866144954222305,0.5131578947368421,0.42857142857142855,0.46706586826347307,0.2556179775280899,2.0
0.43434343434343436,0.5657894736842105,0.2,0.49142857142857144,0.6828947368421053,0.6628131021194604,0.6727789971063072,0.6619624420545589,0.33452829455699346,0.6866144954222305,0.5131578947368421,0.42857142857142855,0.46706586826347307,0.2556179775280899,2.0
0.43434343434343436,0.5657894736842105,0.2,0.49142857142857144,0.6828947368421053,0.6628131021194604,0.6727789971063072,0.6619624420545589,0.33452829455699346,0.6866144954222305,0.5131578947368421,0.42857142857142855,0.46706586826347307,0.2556179775280899,2.0
0.43434343434343436,0.5657894736842105,0.2,0.49142857142857144,0.6828947368421053,0.6628131021194604,0.6727789971063072,0.6619624420545589,0.33452829455699346,0.6866144954222305,0.5131578947368421,0.42857142857142855,0.46706586826347307,0.2556179775280899,2.0
0.43434343434343436,0.5657894736842105,0.2,0.49142857142857144,0.6828947368421053,0.6628131021194604,0.6727789971063072,0.6619624420545589,0.33452829455699346,0.6866144954222305,0.5131578947368421,0.42857142857142855,0.46706586826347307,0.2556179775280899,2.0
0.43434343434343436,0.5657894736842105,0.2,0.49142857142857144,0.6828947368421053,0.6628131021194604,0.6727789971063072,0.6619624420545589,0.33452829455699346,0.6866144954222305,0.5131578947368421,0.42857142857142855,0.46706586826347307,0.2556179775280899,2.0
0.43434343434343436,0.5657894736842105,0.2,0.49142857142857144,0.6828947368421053,0.6628131021194604,0.6727789971063072,0.6619624420545589,0.33452829455699346,0.6866144954222305,0.5131578947368421,0.42857142857142855,0.46706586826347307,0.2556179775280899,2.0
0.43434343434343436,0.5657894736842105,0.2,0.49142857142857144,0.6828947368421053,0.6628131021194604,0.6727789971063072,0.6619624420545589,0.33452829455699346,0.6866144954222305,0.5131578947368421,0.42857142857142855,0.46706586826347307,0.2556179775280899,2.0
0.43434343434343436,0.5657894736842105,0.2,0.49142857142857144,0.6828947368421053,0.6628131021194604,0.6727789971063072,0.6619624420545589,0.33452829455699346,0.6866144954222305,0.5131578947368421,0.42857142857142855,0.46706586826347307,0.2556179775280899,2.0
0.43434343434343436,0.5657894736842105,0.2,0.49142857142857144,0.6828947368421053,0.6628131021194604,0.6727789971063072,0.6619624420545589,0.33452829455699346,0.6866144954222305,0.5131578947368421,0.42857142857142855,0.46706586826347307,0.2556179775280899,2.0
0.43434343434343436,0.5657894736842105,0.2,0.49142857142857144,0.6828947368421053,0.6628131021194604,0.6727789971063072,0.6619624420545589,0.33452829455699346,0.6866144954222305,0.5131578947368421,0.42857142857142855,0.46706586826347307,0.2556179775280899,2.0
