0.6780714232237778,0.5524919172817666,0.26464795667159036,0.608873949579832,0.6439219803050882,0.6309398851442926,0.6373978822490531,0.6323710939897427,0.29270711013954265,0.6275222402397147,0.3551515890929055,0.6804581580177653,0.46671209266904484,0.2621243221715021,1.0
0.6780714232237778,0.5524919172817666,0.26464795667159036,0.608873949579832,0.6439219803050882,0.6309398851442926,0.6373978822490531,0.6323710939897427,0.29270711013954265,0.6275222402397147,0.3551515890929055,0.6804581580177653,0.46671209266904484,0.2621243221715021,1.0
0.6780714232237778,0.5524919172817666,0.26464795667159036,0.608873949579832,0.6439219803050882,0.6309398851442926,0.6373978822490531,0.6323710939897427,0.29270711013954265,0.6275222402397147,0.3551515890929055,0.6804581580177653,0.46671209266904484,0.2621243221715021,1.0
0.6780714232237778,0.5524919172817666,0.26464795667159036,0.608873949579832,0.6439219803050882,0.6309398851442926,0.6373978822490531,0.6323710939897427,0.29270711013954265,0.6275222402397147,0.3551515890929055,0.6804581580177653,0.46671209266904484,0.2621243221715021,1.0
0.6780714232237778,0.5524919172817666,0.26464795667159036,0.608873949579832,0.6439219803050882,0.6309398851442926,0.6373978822490531,0.6323710939897427,0.29270711013954265,0.6275222402397147,0.3551515890929055,0.6804581580177653,0.46671209266904484,0.2621243221715021,1.0
0.6780714232237778,0.5524919172817666,0.26464795667159036,0.608873949579832,0.6439219803050882,0.6309398851442926,0.6373978822490531,0.6323710939897427,0.29270711013954265,0.6275222402397147,0.3551515890929055,0.6804581580177653,0.46671209266904484,0.2621243221715021,1.0
0.6780714232237778,0.5524919172817666,0.26464795667159036,0.608873949579832,0.6439219803050882,0.6309398851442926,0.6373978822490531,0.6323710939897427,0.29270711013954265,0.6275222402397147,0.3551515890929055,0.6804581580177653,0.46671209266904484,0.2621243221715021,1.0
0.6780714232237778,0.5524919172817666,0.26464795667159036,0.608873949579832,0.6439219803050882,0.6309398851442926,0.6373978822490531,0.6323710939897427,0.29270711013954265,0.6275222402397147,0.3551515890929055,0.6804581580177653,0.46671209266904484,0.2621243221715021,1.0
0.6780714232237778,0.5524919172817666,0.26464795667159036,0.608873949579832,0.6439219803050882,0.6309398851442926,0.6373978822490531,0.6323710939897427,0.29270711013954265,0.6275222402397147,0.3551515890929055,0.6804581580177653,0.46671209266904484,0.2621243221715021,1.0
0.6780714232237778,0.5524919172817666,0.26464795667159036,0.608873949579832,0.6439219803050882,0.6309398851442926,0.6373978822490531,0.6323710939897427,0.29270711013954265,0.6275222402397147,0.3551515890929055,0.6804581580177653,0.46671209266904484,0.2621243221715021,1.0
0.6780714232237778,0.5524919172817666,0.26464795667159036,0.608873949579832,0.6439219803050882,0.6309398851442926,0.6373978822490531,0.6323710939897427,0.29270711013954265,0.6275222402397147,0.3551515890929055,0.6804581580177653,0.46671209266904484,0.2621243221715021,1.0
0.6780714232237778,0.5524919172817666,0.26464795667159036,0.608873949579832,0.6439219803050882,0.6309398851442926,0.6373978822490531,0.6323710939897427,0.29270711013954265,0.6275222402397147,0.3551515890929055,0.6804581580177653,0.46671209266904484,0.2621243221715021,1.0
0.6780714232237778,0.5524919172817666,0.26464795667159036,0.608873949579832,0.6439219803050882,0.6309398851442926,0.6373978822490531,0.6323710939897427,0.29270711013954265,0.6275222402397147,0.3551515890929055,0.6804581580177653,0.46671209266904484,0.2621243221715021,1.0
0.6780714232237778,0.5524919172817666,0.26464795667159036,0.608873949579832,0.6439219803050882,0.6309398851442926,0.6373978822490531,0.6323710939897427,0.29270711013954265,0.6275222402397147,0.3551515890929055,0.6804581580177653,0.46671209266904484,0.2621243221715021,1.0
0.6780714232237778,0.5524919172817666,0.26464795667159036,0.608873949579832,0.6439219803050882,0.6309398851442926,0.6373978822490531,0.6323710939897427,0.29270711013954265,0.6275222402397147,0.3551515890929055,0.6804581580177653,0.46671209266904484,0.2621243221715021,1.0
0.6780714232237778,0.5524919172817666,0.26464795667159036,0.608873949579832,0.6439219803050882,0.6309398851442926,0.6373978822490531,0.6323710939897427,0.29270711013954265,0.6275222402397147,0.3551515890929055,0.6804581580177653,0.46671209266904484,0.2621243221715021,1.0
0.6780714232237778,0.5524919172817666,0.26464795667159036,0.608873949579832,0.6439219803050882,0.6309398851442926,0.6373978822490531,0.6323710939897427,0.29270711013954265,0.6275222402397147,0.3551515890929055,0.6804581580177653,0.46671209266904484,0.2621243221715021,1.0
0.6780714232237778,0.5524919172817666,0.26464795667159036,0.608873949579832,0.6439219803050882,0.6309398851442926,0.6373978822490531,0.6323710939897427,0.29270711013954265,0.6275222402397147,0.3551515890929055,0.6804581580177653,0.46671209266904484,0.2621243221715021,1.0
0.6780714232237778,0.5524919172817666,0.26464795667159036,0.608873949579832,0.6439219803050882,0.6309398851442926,0.6373978822490531,0.6323710939897427,0.29270711013954265,0.6275222402397147,0.3551515890929055,0.6804581580177653,0.46671209266904484,0.2621243221715021,1.0
0.6780714232237778,0.5524919172817666,0.26464795667159036,0.608873949579832,0.6439219803050882,0.6309398851442926,0.6373978822490531,0.6323710939897427,0.29270711013954265,0.6275222402397147,0.3551515890929055,0.6804581580177653,0.46671209266904484,0.2621243221715021,1.0
0.6780714232237778,0.5524919172817666,0.26464795667159036,0.608873949579832,0.6439219803050882,0.6309398851442926,0.6373978822490531,0.6323710939897427,0.29270711013954265,0.6275222402397147,0.3551515890929055,0.6804581580177653,0.46671209266904484,0.2621243221715021,1.0
0.6780714232237778,0.5524919172817666,0.26464795667159036,0.608873949579832,0.6439219803050882,0.6309398851442926,0.6373978822490531,0.6323710939897427,0.29270711013954265,0.6275222402397147,0.3551515890929055,0.6804581580177653,0.46671209266904484,0.2621243221715021,1.0
0.6780714232237778,0.5524919172817666,0.26464795667159036,0.608873949579832,0.6439219803050882,0.6309398851442926,0.6373978822490531,0.6323710939897427,0.29270711013954265,0.6275222402397147,0.3551515890929055,0.6804581580177653,0.46671209266904484,0.2621243221715021,1.0
0.6780714232237778,0.5524919172817666,0.26464795667159036,0.608873949579832,0.6439219803050882,0.6309398851442926,0.6373978822490531,0.6323710939897427,0.29270711013954265,0.6275222402397147,0.3551515890929055,0.6804581580177653,0.46671209266904484,0.2621243221715021,1.0
0.6780714232237778,0.5524919172817666,0.26464795667159036,0.608873949579832,0.6439219803050882,0.6309398851442926,0.6373978822490531,0.6323710939897427,0.29270711013954265,0.6275222402397147,0.3551515890929055,0.6804581580177653,0.46671209266904484,0.2621243221715021,1.0
0.6780714232237778,0.5524919172817666,0.26464795667159036,0.608873949579832,0.6439219803050882,0.6309398851442926,0.6373978822490531,0.6323710939897427,0.29270711013954265,0.6275222402397147,0.3551515890929055,0.6804581580177653,0.46671209266904484,0.2621243221715021,1.0
0.6780714232237778,0.5524919172817666,0.26464795667159036,0.608873949579832,0.6439219803050882,0.6309398851442926,0.6373978822490531,0.6323710939897427,0.29270711013954265,0.6275222402397147,0.3551515890929055,0.6804581580177653,0.46671209266904484,0.2621243221715021,1.0
0.6780714232237778,0.5524919172817666,0.26464795667159036,0.608873949579832,0.6439219803050882,0.6309398851442926,0.6373978822490531,0.6323710939897427,0.29270711013954265,0.6275222402397147,0.3551515890929055,0.6804581580177653,0.46671209266904484,0.2621243221715021,1.0
0.6780714232237778,0.5524919172817666,0.26464795667159036,0.608873949579832,0.6439219803050882,0.6309398851442926,0.6373978822490531,0.6323710939897427,0.29270711013954265,0.6275222402397147,0.3551515890929055,0.6804581580177653,0.46671209266904484,0.2621243221715021,1.0
0.6780714232237778,0.5524919172817666,0.26464795667159036,0.608873949579832,0.6439219803050882,0.6309398851442926,0.6373978822490531,0.6323710939897427,0.29270711013954265,0.6275222402397147,0.3551515890929055,0.6804581580177653,0.46671209266904484,0.2621243221715021,1.0
0.6780714232237778,0.5524919172817666,0.26464795667159036,0.608873949579832,0.6439219803050882,0.6309398851442926,0.6373978822490531,0.6323710939897427,0.29270711013954265,0.6275222402397147,0.3551515890929055,0.6804581580177653,0.46671209266904484,0.2621243221715021,1.0
0.6780714232237778,0.5524919172817666,0.26464795667159036,0.608873949579832,0.6439219803050882,0.6309398851442926,0.6373978822490531,0.6323710939897427,0.29270711013954265,0.6275222402397147,0.3551515890929055,0.6804581580177653,0.46671209266904484,0.2621243221715021,1.0
0.6780714232237778,0.5524919172817666,0.26464795667159036,0.608873949579832,0.6439219803050882,0.6309398851442926,0.6373978822490531,0.6323710939897427,0.29270711013954265,0.6275222402397147,0.3551515890929055,0.6804581580177653,0.46671209266904484,0.2621243221715021,1.0
0.6780714232237778,0.5524919172817666,0.26464795667159036,0.608873949579832,0.6439219803050882,0.6309398851442926,0.6373978822490531,0.6323710939897427,0.29270711013954265,0.6275222402397147,0.3551515890929055,0.6804581580177653,0.46671209266904484,0.2621243221715021,1.0
0.6780714232237778,0.5524919172817666,0.26464795667159036,0.608873949579832,0.6439219803050882,0.6309398851442926,0.6373978822490531,0.6323710939897427,0.29270711013954265,0.6275222402397147,0.3551515890929055,0.6804581580177653,0.46671209266904484,0.2621243221715021,1.0
0.6780714232237778,0.5524919172817666,0.26464795667159036,0.608873949579832,0.6439219803050882,0.6309398851442926,0.6373978822490531,0.6323710939897427,0.29270711013954265,0.6275222402397147,0.3551515890929055,0.6804581580177653,0.46671209266904484,0.2621243221715021,1.0
0.6780714232237778,0.5524919172817666,0.26464795667159036,0.608873949579832,0.6439219803050882,0.6309398851442926,0.6373978822490531,0.6323710939897427,0.29270711013954265,0.6275222402397147,0.3551515890929055,0.6804581580177653,0.46671209266904484,0.2621243221715021,1.0
0.6780714232237778,0.5524919172817666,0.26464795667159036,0.608873949579832,0.6439219803050882,0.6309398851442926,0.6373978822490531,0.6323710939897427,0.29270711013954265,0.6275222402397147,0.3551515890929055,0.6804581580177653,0.46671209266904484,0.2621243221715021,1.0
0.6780714232237778,0.5524919172817666,0.26464795667159036,0.608873949579832,0.6439219803050882,0.6309398851442926,0.6373978822490531,0.6323710939897427,0.29270711013954265,0.6275222402397147,0.3551515890929055,0.6804581580177653,0.46671209266904484,0.2621243221715021,1.0
0.6780714232237778,0.5524919172817666,0.26464795667159036,0.608873949579832,0.6439219803050882,0.6309398851442926,0.6373978822490531,0.6323710939897427,0.29270711013954265,0.6275222402397147,0.3551515890929055,0.6804581580177653,0.46671209266904484,0.2621243221715021,1.0
0.6780714232237778,0.5524919172817666,0.26464795667159036,0.608873949579832,0.6439219803050882,0.6309398851442926,0.6373978822490531,0.6323710939897427,0.29270711013954265,0.6275222402397147,0.3551515890929055,0.6804581580177653,0.46671209266904484,0.2621243221715021,1.0
0.6780714232237778,0.5524919172817666,0.26464795667159036,0.608873949579832,0.6439219803050882,0.6309398851442926,0.6373978822490531,0.6323710939897427,0.29270711013954265,0.6275222402397147,0.3551515890929055,0.6804581580177653,0.46671209266904484,0.2621243221715021,1.0
0.6780714232237778,0.5524919172817666,0.26464795667159036,0.608873949579832,0.6439219803050882,0.6309398851442926,0.6373978822490531,0.6323710939897427,0.29270711013954265,0.6275222402397147,0.3551515890929055,0.6804581580177653,0.46671209266904484,0.2621243221715021,1.0
0.6780714232237778,0.5524919172817666,0.26464795667159036,0.608873949579832,0.6439219803050882,0.6309398851442926,0.6373978822490531,0.6323710939897427,0.29270711013954265,0.6275222402397147,0.3551515890929055,0.6804581580177653,0.46671209266904484,0.2621243221715021,1.0
0.6780714232237778,0.5524919172817666,0.26464795667159036,0.608873949579832,0.6439219803050882,0.6309398851442926,0.6373978822490531,0.6323710939897427,0.29270711013954265,0.6275222402397147,0.3551515890929055,0.6804581580177653,0.46671209266904484,0.2621243221715021,1.0
0.6780714232237778,0.5524919172817666,0.26464795667159036,0.608873949579832,0.6439219803050882,0.6309398851442926,0.6373978822490531,0.6323710939897427,0.29270711013954265,0.6275222402397147,0.3551515890929055,0.6804581580177653,0.46671209266904484,0.2621243221715021,1.0
0.6780714232237778,0.5524919172817666,0.26464795667159036,0.608873949579832,0.6439219803050882,0.6309398851442926,0.6373978822490531,0.6323710939897427,0.29270711013954265,0.6275222402397147,0.3551515890929055,0.6804581580177653,0.46671209266904484,0.2621243221715021,1.0
0.6780714232237778,0.5524919172817666,0.26464795667159036,0.608873949579832,0.6439219803050882,0.6309398851442926,0.6373978822490531,0.6323710939897427,0.29270711013954265,0.6275222402397147,0.3551515890929055,0.6804581580177653,0.46671209266904484,0.2621243221715021,1.0
0.6780714232237778,0.5524919172817666,0.26464795667159036,0.608873949579832,0.6439219803050882,0.6309398851442926,0.6373978822490531,0.6323710939897427,0.29270711013954265,0.6275222402397147,0.3551515890929055,0.6804581580177653,0.46671209266904484,0.2621243221715021,1.0
0.6780714232237778,0.5524919172817666,0.26464795667159036,0.608873949579832,0.6439219803050882,0.6309398851442926,0.6373978822490531,0.6323710939897427,0.29270711013954265,0.6275222402397147,0.3551515890929055,0.6804581580177653,0.46671209266904484,0.2621243221715021,1.0
