0.2222222222222222,0.5714285714285714,0.35,0.32,0.6107142857142857,0.6081871345029239,0.609449400220044,0.6087370006071651,0.1621725786483723,0.6088866579522373,0.42857142857142855,0.3333333333333333,0.375,0.19148936170212766,1.0
0.2222222222222222,0.5714285714285714,0.35,0.32,0.6107142857142857,0.6081871345029239,0.609449400220044,0.6087370006071651,0.1621725786483723,0.6088866579522373,0.42857142857142855,0.3333333333333333,0.375,0.19148936170212766,1.0
0.2222222222222222,0.5714285714285714,0.35,0.32,0.6107142857142857,0.6081871345029239,0.609449400220044,0.6087370006071651,0.1621725786483723,0.6088866579522373,0.42857142857142855,0.3333333333333333,0.375,0.19148936170212766,1.0
0.17647058823529413,0.42857142857142855,0.35,0.25,0.5392857142857143,0.5165562913907285,0.5277986629117476,0.5261695386296392,0.05821817364274595,0.5157016716048016,0.2857142857142857,0.25,0.26666666666666666,0.1702127659574468,2.0
0.2222222222222222,0.5714285714285714,0.35,0.32,0.6107142857142857,0.6081871345029239,0.609449400220044,0.6087370006071651,0.1621725786483723,0.6088866579522373,0.42857142857142855,0.3333333333333333,0.375,0.19148936170212766,1.0
0.17647058823529413,0.42857142857142855,0.35,0.25,0.5392857142857143,0.5165562913907285,0.5277986629117476,0.5261695386296392,0.05821817364274595,0.5157016716048016,0.2857142857142857,0.25,0.26666666666666666,0.1702127659574468,2.0
0.2222222222222222,0.5714285714285714,0.35,0.32,0.6107142857142857,0.6081871345029239,0.609449400220044,0.6087370006071651,0.1621725786483723,0.6088866579522373,0.42857142857142855,0.3333333333333333,0.375,0.19148936170212766,1.0
0.2222222222222222,0.5714285714285714,0.35,0.32,0.6107142857142857,0.6081871345029239,0.609449400220044,0.6087370006071651,0.1621725786483723,0.6088866579522373,0.42857142857142855,0.3333333333333333,0.375,0.19148936170212766,1.0
0.2222222222222222,0.5714285714285714,0.35,0.32,0.6107142857142857,0.6081871345029239,0.609449400220044,0.6087370006071651,0.1621725786483723,0.6088866579522373,0.42857142857142855,0.3333333333333333,0.375,0.19148936170212766,1.0
0.2222222222222222,0.5714285714285714,0.35,0.32,0.6107142857142857,0.6081871345029239,0.609449400220044,0.6087370006071651,0.1621725786483723,0.6088866579522373,0.42857142857142855,0.3333333333333333,0.375,0.19148936170212766,1.0
0.2222222222222222,0.5714285714285714,0.35,0.32,0.6107142857142857,0.6081871345029239,0.609449400220044,0.6087370006071651,0.1621725786483723,0.6088866579522373,0.42857142857142855,0.3333333333333333,0.375,0.19148936170212766,1.0
0.2222222222222222,0.5714285714285714,0.35,0.32,0.6107142857142857,0.6081871345029239,0.609449400220044,0.6087370006071651,0.1621725786483723,0.6088866579522373,0.42857142857142855,0.3333333333333333,0.375,0.19148936170212766,1.0
0.23529411764705882,0.5714285714285714,0.325,0.3333333333333333,0.6232142857142857,0.6189111747851003,0.6210590034081188,0.6196722009977741,0.1825933627886123,0.6279030070029761,0.5714285714285714,0.4444444444444444,0.5,0.19148936170212766,1.0
0.2222222222222222,0.5714285714285714,0.35,0.32,0.6107142857142857,0.6081871345029239,0.609449400220044,0.6087370006071651,0.1621725786483723,0.6088866579522373,0.42857142857142855,0.3333333333333333,0.375,0.19148936170212766,1.0
0.2222222222222222,0.5714285714285714,0.35,0.32,0.6107142857142857,0.6081871345029239,0.609449400220044,0.6087370006071651,0.1621725786483723,0.6088866579522373,0.42857142857142855,0.3333333333333333,0.375,0.19148936170212766,1.0
0.17647058823529413,0.42857142857142855,0.35,0.25,0.5392857142857143,0.5165562913907285,0.5277986629117476,0.5261695386296392,0.05821817364274595,0.5157016716048016,0.2857142857142857,0.25,0.26666666666666666,0.1702127659574468,2.0
0.2222222222222222,0.5714285714285714,0.35,0.32,0.6107142857142857,0.6081871345029239,0.609449400220044,0.6087370006071651,0.1621725786483723,0.6088866579522373,0.42857142857142855,0.3333333333333333,0.375,0.19148936170212766,1.0
0.2222222222222222,0.5714285714285714,0.35,0.32,0.6107142857142857,0.6081871345029239,0.609449400220044,0.6087370006071651,0.1621725786483723,0.6088866579522373,0.42857142857142855,0.3333333333333333,0.375,0.19148936170212766,1.0
0.17647058823529413,0.42857142857142855,0.35,0.25,0.5392857142857143,0.5165562913907285,0.5277986629117476,0.5261695386296392,0.05821817364274595,0.5157016716048016,0.2857142857142857,0.25,0.26666666666666666,0.1702127659574468,2.0
0.2222222222222222,0.5714285714285714,0.35,0.32,0.6107142857142857,0.6081871345029239,0.609449400220044,0.6087370006071651,0.1621725786483723,0.6088866579522373,0.42857142857142855,0.3333333333333333,0.375,0.19148936170212766,1.0
0.2222222222222222,0.5714285714285714,0.35,0.32,0.6107142857142857,0.6081871345029239,0.609449400220044,0.6087370006071651,0.1621725786483723,0.6088866579522373,0.42857142857142855,0.3333333333333333,0.375,0.19148936170212766,1.0
0.2222222222222222,0.5714285714285714,0.35,0.32,0.6107142857142857,0.6081871345029239,0.609449400220044,0.6087370006071651,0.1621725786483723,0.6088866579522373,0.42857142857142855,0.3333333333333333,0.375,0.19148936170212766,1.0
0.2222222222222222,0.5714285714285714,0.35,0.32,0.6107142857142857,0.6081871345029239,0.609449400220044,0.6087370006071651,0.1621725786483723,0.6088866579522373,0.42857142857142855,0.3333333333333333,0.375,0.19148936170212766,1.0
0.2222222222222222,0.5714285714285714,0.35,0.32,0.6107142857142857,0.6081871345029239,0.609449400220044,0.6087370006071651,0.1621725786483723,0.6088866579522373,0.42857142857142855,0.3333333333333333,0.375,0.19148936170212766,1.0
0.2222222222222222,0.5714285714285714,0.35,0.32,0.6107142857142857,0.6081871345029239,0.609449400220044,0.6087370006071651,0.1621725786483723,0.6088866579522373,0.42857142857142855,0.3333333333333333,0.375,0.19148936170212766,1.0
0.17647058823529413,0.42857142857142855,0.35,0.25,0.5392857142857143,0.5165562913907285,0.5277986629117476,0.5261695386296392,0.05821817364274595,0.5157016716048016,0.2857142857142857,0.25,0.26666666666666666,0.1702127659574468,2.0
0.2222222222222222,0.5714285714285714,0.35,0.32,0.6107142857142857,0.6081871345029239,0.609449400220044,0.6087370006071651,0.1621725786483723,0.6088866579522373,0.42857142857142855,0.3333333333333333,0.375,0.19148936170212766,1.0
0.2222222222222222,0.5714285714285714,0.35,0.32,0.6107142857142857,0.6081871345029239,0.609449400220044,0.6087370006071651,0.1621725786483723,0.6088866579522373,0.42857142857142855,0.3333333333333333,0.375,0.19148936170212766,1.0
0.2222222222222222,0.5714285714285714,0.35,0.32,0.6107142857142857,0.6081871345029239,0.609449400220044,0.6087370006071651,0.1621725786483723,0.6088866579522373,0.42857142857142855,0.3333333333333333,0.375,0.19148936170212766,1.0
0.2222222222222222,0.5714285714285714,0.35,0.32,0.6107142857142857,0.6081871345029239,0.609449400220044,0.6087370006071651,0.1621725786483723,0.6088866579522373,0.42857142857142855,0.3333333333333333,0.375,0.19148936170212766,1.0
0.23529411764705882,0.5714285714285714,0.325,0.3333333333333333,0.6232142857142857,0.6189111747851003,0.6210590034081188,0.6196722009977741,0.1825933627886123,0.6279030070029761,0.5714285714285714,0.4444444444444444,0.5,0.19148936170212766,1.0
0.2222222222222222,0.5714285714285714,0.35,0.32,0.6107142857142857,0.6081871345029239,0.609449400220044,0.6087370006071651,0.1621725786483723,0.6088866579522373,0.42857142857142855,0.3333333333333333,0.375,0.19148936170212766,1.0
0.2222222222222222,0.5714285714285714,0.35,0.32,0.6107142857142857,0.6081871345029239,0.609449400220044,0.6087370006071651,0.1621725786483723,0.6088866579522373,0.42857142857142855,0.3333333333333333,0.375,0.19148936170212766,1.0
0.2222222222222222,0.5714285714285714,0.35,0.32,0.6107142857142857,0.6081871345029239,0.609449400220044,0.6087370006071651,0.1621725786483723,0.6088866579522373,0.42857142857142855,0.3333333333333333,0.375,0.19148936170212766,1.0
0.2222222222222222,0.5714285714285714,0.35,0.32,0.6107142857142857,0.6081871345029239,0.609449400220044,0.6087370006071651,0.1621725786483723,0.6088866579522373,0.42857142857142855,0.3333333333333333,0.375,0.19148936170212766,1.0
0.2222222222222222,0.5714285714285714,0.35,0.32,0.6107142857142857,0.6081871345029239,0.609449400220044,0.6087370006071651,0.1621725786483723,0.6088866579522373,0.42857142857142855,0.3333333333333333,0.375,0.19148936170212766,1.0
0.17647058823529413,0.42857142857142855,0.35,0.25,0.5392857142857143,0.5165562913907285,0.5277986629117476,0.5261695386296392,0.05821817364274595,0.5157016716048016,0.2857142857142857,0.25,0.26666666666666666,0.1702127659574468,2.0
0.2222222222222222,0.5714285714285714,0.35,0.32,0.6107142857142857,0.6081871345029239,0.609449400220044,0.6087370006071651,0.1621725786483723,0.6088866579522373,0.42857142857142855,0.3333333333333333,0.375,0.19148936170212766,1.0
0.17647058823529413,0.42857142857142855,0.35,0.25,0.5392857142857143,0.5165562913907285,0.5277986629117476,0.5261695386296392,0.05821817364274595,0.5157016716048016,0.2857142857142857,0.25,0.26666666666666666,0.1702127659574468,2.0
0.2222222222222222,0.5714285714285714,0.35,0.32,0.6107142857142857,0.6081871345029239,0.609449400220044,0.6087370006071651,0.1621725786483723,0.6088866579522373,0.42857142857142855,0.3333333333333333,0.375,0.19148936170212766,1.0
0.17647058823529413,0.42857142857142855,0.35,0.25,0.5392857142857143,0.5165562913907285,0.5277986629117476,0.5261695386296392,0.05821817364274595,0.5157016716048016,0.2857142857142857,0.25,0.26666666666666666,0.1702127659574468,2.0
0.2222222222222222,0.5714285714285714,0.35,0.32,0.6107142857142857,0.6081871345029239,0.609449400220044,0.6087370006071651,0.1621725786483723,0.6088866579522373,0.42857142857142855,0.3333333333333333,0.375,0.19148936170212766,1.0
0.17647058823529413,0.42857142857142855,0.35,0.25,0.5392857142857143,0.5165562913907285,0.5277986629117476,0.5261695386296392,0.05821817364274595,0.5157016716048016,0.2857142857142857,0.25,0.26666666666666666,0.1702127659574468,2.0
0.2222222222222222,0.5714285714285714,0.35,0.32,0.6107142857142857,0.6081871345029239,0.609449400220044,0.6087370006071651,0.1621725786483723,0.6088866579522373,0.42857142857142855,0.3333333333333333,0.375,0.19148936170212766,1.0
0.2222222222222222,0.5714285714285714,0.35,0.32,0.6107142857142857,0.6081871345029239,0.609449400220044,0.6087370006071651,0.1621725786483723,0.6088866579522373,0.42857142857142855,0.3333333333333333,0.375,0.19148936170212766,1.0
0.2222222222222222,0.5714285714285714,0.35,0.32,0.6107142857142857,0.6081871345029239,0.609449400220044,0.6087370006071651,0.1621725786483723,0.6088866579522373,0.42857142857142855,0.3333333333333333,0.375,0.19148936170212766,1.0
0.23529411764705882,0.5714285714285714,0.325,0.3333333333333333,0.6232142857142857,0.6189111747851003,0.6210590034081188,0.6196722009977741,0.1825933627886123,0.6279030070029761,0.5714285714285714,0.4444444444444444,0.5,0.19148936170212766,1.0
0.2222222222222222,0.5714285714285714,0.35,0.32,0.6107142857142857,0.6081871345029239,0.609449400220044,0.6087370006071651,0.1621725786483723,0.6088866579522373,0.42857142857142855,0.3333333333333333,0.375,0.19148936170212766,1.0
0.23529411764705882,0.5714285714285714,0.325,0.3333333333333333,0.6232142857142857,0.6189111747851003,0.6210590034081188,0.6196722009977741,0.1825933627886123,0.6279030070029761,0.5714285714285714,0.4444444444444444,0.5,0.19148936170212766,1.0
0.17647058823529413,0.42857142857142855,0.35,0.25,0.5392857142857143,0.5165562913907285,0.5277986629117476,0.5261695386296392,0.05821817364274595,0.5157016716048016,0.2857142857142857,0.25,0.26666666666666666,0.1702127659574468,2.0
