0.1836734693877551,0.32142857142857145,0.14388489208633093,0.23376623376623376,0.5887718396711202,0.46737944577787477,0.5245758821325166,0.5095094058780716,0.13958605319729817,0.5166780713120711,0.25,0.15217391304347827,0.1891891891891892,0.1503267973856209,11.0
0.1836734693877551,0.32142857142857145,0.14388489208633093,0.23376623376623376,0.5887718396711202,0.46737944577787477,0.5245758821325166,0.5095094058780716,0.13958605319729817,0.5166780713120711,0.25,0.15217391304347827,0.1891891891891892,0.1503267973856209,11.0
0.1836734693877551,0.32142857142857145,0.14388489208633093,0.23376623376623376,0.5887718396711202,0.46737944577787477,0.5245758821325166,0.5095094058780716,0.13958605319729817,0.5166780713120711,0.25,0.15217391304347827,0.1891891891891892,0.1503267973856209,11.0
0.1836734693877551,0.32142857142857145,0.14388489208633093,0.23376623376623376,0.5887718396711202,0.46737944577787477,0.5245758821325166,0.5095094058780716,0.13958605319729817,0.5166780713120711,0.25,0.15217391304347827,0.1891891891891892,0.1503267973856209,11.0
0.1836734693877551,0.32142857142857145,0.14388489208633093,0.23376623376623376,0.5887718396711202,0.46737944577787477,0.5245758821325166,0.5095094058780716,0.13958605319729817,0.5166780713120711,0.25,0.15217391304347827,0.1891891891891892,0.1503267973856209,11.0
0.1836734693877551,0.32142857142857145,0.14388489208633093,0.23376623376623376,0.5887718396711202,0.46737944577787477,0.5245758821325166,0.5095094058780716,0.13958605319729817,0.5166780713120711,0.25,0.15217391304347827,0.1891891891891892,0.1503267973856209,11.0
0.1836734693877551,0.32142857142857145,0.14388489208633093,0.23376623376623376,0.5887718396711202,0.46737944577787477,0.5245758821325166,0.5095094058780716,0.13958605319729817,0.5166780713120711,0.25,0.15217391304347827,0.1891891891891892,0.1503267973856209,11.0
0.1836734693877551,0.32142857142857145,0.14388489208633093,0.23376623376623376,0.5887718396711202,0.46737944577787477,0.5245758821325166,0.5095094058780716,0.13958605319729817,0.5166780713120711,0.25,0.15217391304347827,0.1891891891891892,0.1503267973856209,11.0
0.1836734693877551,0.32142857142857145,0.14388489208633093,0.23376623376623376,0.5887718396711202,0.46737944577787477,0.5245758821325166,0.5095094058780716,0.13958605319729817,0.5166780713120711,0.25,0.15217391304347827,0.1891891891891892,0.1503267973856209,11.0
0.1836734693877551,0.32142857142857145,0.14388489208633093,0.23376623376623376,0.5887718396711202,0.46737944577787477,0.5245758821325166,0.5095094058780716,0.13958605319729817,0.5166780713120711,0.25,0.15217391304347827,0.1891891891891892,0.1503267973856209,11.0
0.1836734693877551,0.32142857142857145,0.14388489208633093,0.23376623376623376,0.5887718396711202,0.46737944577787477,0.5245758821325166,0.5095094058780716,0.13958605319729817,0.5166780713120711,0.25,0.15217391304347827,0.1891891891891892,0.1503267973856209,11.0
0.1836734693877551,0.32142857142857145,0.14388489208633093,0.23376623376623376,0.5887718396711202,0.46737944577787477,0.5245758821325166,0.5095094058780716,0.13958605319729817,0.5166780713120711,0.25,0.15217391304347827,0.1891891891891892,0.1503267973856209,11.0
0.1836734693877551,0.32142857142857145,0.14388489208633093,0.23376623376623376,0.5887718396711202,0.46737944577787477,0.5245758821325166,0.5095094058780716,0.13958605319729817,0.5166780713120711,0.25,0.15217391304347827,0.1891891891891892,0.1503267973856209,11.0
0.1836734693877551,0.32142857142857145,0.14388489208633093,0.23376623376623376,0.5887718396711202,0.46737944577787477,0.5245758821325166,0.5095094058780716,0.13958605319729817,0.5166780713120711,0.25,0.15217391304347827,0.1891891891891892,0.1503267973856209,11.0
0.1836734693877551,0.32142857142857145,0.14388489208633093,0.23376623376623376,0.5887718396711202,0.46737944577787477,0.5245758821325166,0.5095094058780716,0.13958605319729817,0.5166780713120711,0.25,0.15217391304347827,0.1891891891891892,0.1503267973856209,11.0
0.1836734693877551,0.32142857142857145,0.14388489208633093,0.23376623376623376,0.5887718396711202,0.46737944577787477,0.5245758821325166,0.5095094058780716,0.13958605319729817,0.5166780713120711,0.25,0.15217391304347827,0.1891891891891892,0.1503267973856209,11.0
0.1836734693877551,0.32142857142857145,0.14388489208633093,0.23376623376623376,0.5887718396711202,0.46737944577787477,0.5245758821325166,0.5095094058780716,0.13958605319729817,0.5166780713120711,0.25,0.15217391304347827,0.1891891891891892,0.1503267973856209,11.0
0.1836734693877551,0.32142857142857145,0.14388489208633093,0.23376623376623376,0.5887718396711202,0.46737944577787477,0.5245758821325166,0.5095094058780716,0.13958605319729817,0.5166780713120711,0.25,0.15217391304347827,0.1891891891891892,0.1503267973856209,11.0
0.1836734693877551,0.32142857142857145,0.14388489208633093,0.23376623376623376,0.5887718396711202,0.46737944577787477,0.5245758821325166,0.5095094058780716,0.13958605319729817,0.5166780713120711,0.25,0.15217391304347827,0.1891891891891892,0.1503267973856209,11.0
0.1836734693877551,0.32142857142857145,0.14388489208633093,0.23376623376623376,0.5887718396711202,0.46737944577787477,0.5245758821325166,0.5095094058780716,0.13958605319729817,0.5166780713120711,0.25,0.15217391304347827,0.1891891891891892,0.1503267973856209,11.0
0.1836734693877551,0.32142857142857145,0.14388489208633093,0.23376623376623376,0.5887718396711202,0.46737944577787477,0.5245758821325166,0.5095094058780716,0.13958605319729817,0.5166780713120711,0.25,0.15217391304347827,0.1891891891891892,0.1503267973856209,11.0
0.1836734693877551,0.32142857142857145,0.14388489208633093,0.23376623376623376,0.5887718396711202,0.46737944577787477,0.5245758821325166,0.5095094058780716,0.13958605319729817,0.5166780713120711,0.25,0.15217391304347827,0.1891891891891892,0.1503267973856209,11.0
0.1836734693877551,0.32142857142857145,0.14388489208633093,0.23376623376623376,0.5887718396711202,0.46737944577787477,0.5245758821325166,0.5095094058780716,0.13958605319729817,0.5166780713120711,0.25,0.15217391304347827,0.1891891891891892,0.1503267973856209,11.0
0.1836734693877551,0.32142857142857145,0.14388489208633093,0.23376623376623376,0.5887718396711202,0.46737944577787477,0.5245758821325166,0.5095094058780716,0.13958605319729817,0.5166780713120711,0.25,0.15217391304347827,0.1891891891891892,0.1503267973856209,11.0
0.1836734693877551,0.32142857142857145,0.14388489208633093,0.23376623376623376,0.5887718396711202,0.46737944577787477,0.5245758821325166,0.5095094058780716,0.13958605319729817,0.5166780713120711,0.25,0.15217391304347827,0.1891891891891892,0.1503267973856209,11.0
0.1836734693877551,0.32142857142857145,0.14388489208633093,0.23376623376623376,0.5887718396711202,0.46737944577787477,0.5245758821325166,0.5095094058780716,0.13958605319729817,0.5166780713120711,0.25,0.15217391304347827,0.1891891891891892,0.1503267973856209,11.0
0.1836734693877551,0.32142857142857145,0.14388489208633093,0.23376623376623376,0.5887718396711202,0.46737944577787477,0.5245758821325166,0.5095094058780716,0.13958605319729817,0.5166780713120711,0.25,0.15217391304347827,0.1891891891891892,0.1503267973856209,11.0
0.1836734693877551,0.32142857142857145,0.14388489208633093,0.23376623376623376,0.5887718396711202,0.46737944577787477,0.5245758821325166,0.5095094058780716,0.13958605319729817,0.5166780713120711,0.25,0.15217391304347827,0.1891891891891892,0.1503267973856209,11.0
0.1836734693877551,0.32142857142857145,0.14388489208633093,0.23376623376623376,0.5887718396711202,0.46737944577787477,0.5245758821325166,0.5095094058780716,0.13958605319729817,0.5166780713120711,0.25,0.15217391304347827,0.1891891891891892,0.1503267973856209,11.0
0.1836734693877551,0.32142857142857145,0.14388489208633093,0.23376623376623376,0.5887718396711202,0.46737944577787477,0.5245758821325166,0.5095094058780716,0.13958605319729817,0.5166780713120711,0.25,0.15217391304347827,0.1891891891891892,0.1503267973856209,11.0
0.1836734693877551,0.32142857142857145,0.14388489208633093,0.23376623376623376,0.5887718396711202,0.46737944577787477,0.5245758821325166,0.5095094058780716,0.13958605319729817,0.5166780713120711,0.25,0.15217391304347827,0.1891891891891892,0.1503267973856209,11.0
0.1836734693877551,0.32142857142857145,0.14388489208633093,0.23376623376623376,0.5887718396711202,0.46737944577787477,0.5245758821325166,0.5095094058780716,0.13958605319729817,0.5166780713120711,0.25,0.15217391304347827,0.1891891891891892,0.1503267973856209,11.0
0.1836734693877551,0.32142857142857145,0.14388489208633093,0.23376623376623376,0.5887718396711202,0.46737944577787477,0.5245758821325166,0.5095094058780716,0.13958605319729817,0.5166780713120711,0.25,0.15217391304347827,0.1891891891891892,0.1503267973856209,11.0
0.1836734693877551,0.32142857142857145,0.14388489208633093,0.23376623376623376,0.5887718396711202,0.46737944577787477,0.5245758821325166,0.5095094058780716,0.13958605319729817,0.5166780713120711,0.25,0.15217391304347827,0.1891891891891892,0.1503267973856209,11.0
0.1836734693877551,0.32142857142857145,0.14388489208633093,0.23376623376623376,0.5887718396711202,0.46737944577787477,0.5245758821325166,0.5095094058780716,0.13958605319729817,0.5166780713120711,0.25,0.15217391304347827,0.1891891891891892,0.1503267973856209,11.0
0.1836734693877551,0.32142857142857145,0.14388489208633093,0.23376623376623376,0.5887718396711202,0.46737944577787477,0.5245758821325166,0.5095094058780716,0.13958605319729817,0.5166780713120711,0.25,0.15217391304347827,0.1891891891891892,0.1503267973856209,11.0
0.1836734693877551,0.32142857142857145,0.14388489208633093,0.23376623376623376,0.5887718396711202,0.46737944577787477,0.5245758821325166,0.5095094058780716,0.13958605319729817,0.5166780713120711,0.25,0.15217391304347827,0.1891891891891892,0.1503267973856209,11.0
0.1836734693877551,0.32142857142857145,0.14388489208633093,0.23376623376623376,0.5887718396711202,0.46737944577787477,0.5245758821325166,0.5095094058780716,0.13958605319729817,0.5166780713120711,0.25,0.15217391304347827,0.1891891891891892,0.1503267973856209,11.0
0.1836734693877551,0.32142857142857145,0.14388489208633093,0.23376623376623376,0.5887718396711202,0.46737944577787477,0.5245758821325166,0.5095094058780716,0.13958605319729817,0.5166780713120711,0.25,0.15217391304347827,0.1891891891891892,0.1503267973856209,11.0
0.1836734693877551,0.32142857142857145,0.14388489208633093,0.23376623376623376,0.5887718396711202,0.46737944577787477,0.5245758821325166,0.5095094058780716,0.13958605319729817,0.5166780713120711,0.25,0.15217391304347827,0.1891891891891892,0.1503267973856209,11.0
0.1836734693877551,0.32142857142857145,0.14388489208633093,0.23376623376623376,0.5887718396711202,0.46737944577787477,0.5245758821325166,0.5095094058780716,0.13958605319729817,0.5166780713120711,0.25,0.15217391304347827,0.1891891891891892,0.1503267973856209,11.0
0.1836734693877551,0.32142857142857145,0.14388489208633093,0.23376623376623376,0.5887718396711202,0.46737944577787477,0.5245758821325166,0.5095094058780716,0.13958605319729817,0.5166780713120711,0.25,0.15217391304347827,0.1891891891891892,0.1503267973856209,11.0
0.1836734693877551,0.32142857142857145,0.14388489208633093,0.23376623376623376,0.5887718396711202,0.46737944577787477,0.5245758821325166,0.5095094058780716,0.13958605319729817,0.5166780713120711,0.25,0.15217391304347827,0.1891891891891892,0.1503267973856209,11.0
0.1836734693877551,0.32142857142857145,0.14388489208633093,0.23376623376623376,0.5887718396711202,0.46737944577787477,0.5245758821325166,0.5095094058780716,0.13958605319729817,0.5166780713120711,0.25,0.15217391304347827,0.1891891891891892,0.1503267973856209,11.0
0.1836734693877551,0.32142857142857145,0.14388489208633093,0.23376623376623376,0.5887718396711202,0.46737944577787477,0.5245758821325166,0.5095094058780716,0.13958605319729817,0.5166780713120711,0.25,0.15217391304347827,0.1891891891891892,0.1503267973856209,11.0
0.1836734693877551,0.32142857142857145,0.14388489208633093,0.23376623376623376,0.5887718396711202,0.46737944577787477,0.5245758821325166,0.5095094058780716,0.13958605319729817,0.5166780713120711,0.25,0.15217391304347827,0.1891891891891892,0.1503267973856209,11.0
0.1836734693877551,0.32142857142857145,0.14388489208633093,0.23376623376623376,0.5887718396711202,0.46737944577787477,0.5245758821325166,0.5095094058780716,0.13958605319729817,0.5166780713120711,0.25,0.15217391304347827,0.1891891891891892,0.1503267973856209,11.0
0.1836734693877551,0.32142857142857145,0.14388489208633093,0.23376623376623376,0.5887718396711202,0.46737944577787477,0.5245758821325166,0.5095094058780716,0.13958605319729817,0.5166780713120711,0.25,0.15217391304347827,0.1891891891891892,0.1503267973856209,11.0
0.1836734693877551,0.32142857142857145,0.14388489208633093,0.23376623376623376,0.5887718396711202,0.46737944577787477,0.5245758821325166,0.5095094058780716,0.13958605319729817,0.5166780713120711,0.25,0.15217391304347827,0.1891891891891892,0.1503267973856209,11.0
0.1836734693877551,0.32142857142857145,0.14388489208633093,0.23376623376623376,0.5887718396711202,0.46737944577787477,0.5245758821325166,0.5095094058780716,0.13958605319729817,0.5166780713120711,0.25,0.15217391304347827,0.1891891891891892,0.1503267973856209,11.0
