0.3130434782608696,0.72,0.3278008298755187,0.4363636363636364,0.6960995850622407,0.6952789699570815,0.6956891565128973,0.6951612032015293,0.30261812755830114,0.6487117927452097,0.27,0.19708029197080293,0.22784810126582283,0.23539518900343642,17.0
0.3130434782608696,0.72,0.3278008298755187,0.4363636363636364,0.6960995850622407,0.6952789699570815,0.6956891565128973,0.6951612032015293,0.30261812755830114,0.6487117927452097,0.27,0.19708029197080293,0.22784810126582283,0.23539518900343642,17.0
0.3130434782608696,0.72,0.3278008298755187,0.4363636363636364,0.6960995850622407,0.6952789699570815,0.6956891565128973,0.6951612032015293,0.30261812755830114,0.6487117927452097,0.27,0.19708029197080293,0.22784810126582283,0.23539518900343642,17.0
0.3130434782608696,0.72,0.3278008298755187,0.4363636363636364,0.6960995850622407,0.6952789699570815,0.6956891565128973,0.6951612032015293,0.30261812755830114,0.6487117927452097,0.27,0.19708029197080293,0.22784810126582283,0.23539518900343642,17.0
0.3130434782608696,0.72,0.3278008298755187,0.4363636363636364,0.6960995850622407,0.6952789699570815,0.6956891565128973,0.6951612032015293,0.30261812755830114,0.6487117927452097,0.27,0.19708029197080293,0.22784810126582283,0.23539518900343642,17.0
0.3130434782608696,0.72,0.3278008298755187,0.4363636363636364,0.6960995850622407,0.6952789699570815,0.6956891565128973,0.6951612032015293,0.30261812755830114,0.6487117927452097,0.27,0.19708029197080293,0.22784810126582283,0.23539518900343642,17.0
0.3130434782608696,0.72,0.3278008298755187,0.4363636363636364,0.6960995850622407,0.6952789699570815,0.6956891565128973,0.6951612032015293,0.30261812755830114,0.6487117927452097,0.27,0.19708029197080293,0.22784810126582283,0.23539518900343642,17.0
0.3130434782608696,0.72,0.3278008298755187,0.4363636363636364,0.6960995850622407,0.6952789699570815,0.6956891565128973,0.6951612032015293,0.30261812755830114,0.6487117927452097,0.27,0.19708029197080293,0.22784810126582283,0.23539518900343642,17.0
0.3130434782608696,0.72,0.3278008298755187,0.4363636363636364,0.6960995850622407,0.6952789699570815,0.6956891565128973,0.6951612032015293,0.30261812755830114,0.6487117927452097,0.27,0.19708029197080293,0.22784810126582283,0.23539518900343642,17.0
0.3130434782608696,0.72,0.3278008298755187,0.4363636363636364,0.6960995850622407,0.6952789699570815,0.6956891565128973,0.6951612032015293,0.30261812755830114,0.6487117927452097,0.27,0.19708029197080293,0.22784810126582283,0.23539518900343642,17.0
0.3130434782608696,0.72,0.3278008298755187,0.4363636363636364,0.6960995850622407,0.6952789699570815,0.6956891565128973,0.6951612032015293,0.30261812755830114,0.6487117927452097,0.27,0.19708029197080293,0.22784810126582283,0.23539518900343642,17.0
0.3130434782608696,0.72,0.3278008298755187,0.4363636363636364,0.6960995850622407,0.6952789699570815,0.6956891565128973,0.6951612032015293,0.30261812755830114,0.6487117927452097,0.27,0.19708029197080293,0.22784810126582283,0.23539518900343642,17.0
0.3130434782608696,0.72,0.3278008298755187,0.4363636363636364,0.6960995850622407,0.6952789699570815,0.6956891565128973,0.6951612032015293,0.30261812755830114,0.6487117927452097,0.27,0.19708029197080293,0.22784810126582283,0.23539518900343642,17.0
0.3130434782608696,0.72,0.3278008298755187,0.4363636363636364,0.6960995850622407,0.6952789699570815,0.6956891565128973,0.6951612032015293,0.30261812755830114,0.6487117927452097,0.27,0.19708029197080293,0.22784810126582283,0.23539518900343642,17.0
0.3130434782608696,0.72,0.3278008298755187,0.4363636363636364,0.6960995850622407,0.6952789699570815,0.6956891565128973,0.6951612032015293,0.30261812755830114,0.6487117927452097,0.27,0.19708029197080293,0.22784810126582283,0.23539518900343642,17.0
0.3130434782608696,0.72,0.3278008298755187,0.4363636363636364,0.6960995850622407,0.6952789699570815,0.6956891565128973,0.6951612032015293,0.30261812755830114,0.6487117927452097,0.27,0.19708029197080293,0.22784810126582283,0.23539518900343642,17.0
0.3130434782608696,0.72,0.3278008298755187,0.4363636363636364,0.6960995850622407,0.6952789699570815,0.6956891565128973,0.6951612032015293,0.30261812755830114,0.6487117927452097,0.27,0.19708029197080293,0.22784810126582283,0.23539518900343642,17.0
0.3130434782608696,0.72,0.3278008298755187,0.4363636363636364,0.6960995850622407,0.6952789699570815,0.6956891565128973,0.6951612032015293,0.30261812755830114,0.6487117927452097,0.27,0.19708029197080293,0.22784810126582283,0.23539518900343642,17.0
0.3130434782608696,0.72,0.3278008298755187,0.4363636363636364,0.6960995850622407,0.6952789699570815,0.6956891565128973,0.6951612032015293,0.30261812755830114,0.6487117927452097,0.27,0.19708029197080293,0.22784810126582283,0.23539518900343642,17.0
0.3130434782608696,0.72,0.3278008298755187,0.4363636363636364,0.6960995850622407,0.6952789699570815,0.6956891565128973,0.6951612032015293,0.30261812755830114,0.6487117927452097,0.27,0.19708029197080293,0.22784810126582283,0.23539518900343642,17.0
0.3130434782608696,0.72,0.3278008298755187,0.4363636363636364,0.6960995850622407,0.6952789699570815,0.6956891565128973,0.6951612032015293,0.30261812755830114,0.6487117927452097,0.27,0.19708029197080293,0.22784810126582283,0.23539518900343642,17.0
0.3130434782608696,0.72,0.3278008298755187,0.4363636363636364,0.6960995850622407,0.6952789699570815,0.6956891565128973,0.6951612032015293,0.30261812755830114,0.6487117927452097,0.27,0.19708029197080293,0.22784810126582283,0.23539518900343642,17.0
0.3130434782608696,0.72,0.3278008298755187,0.4363636363636364,0.6960995850622407,0.6952789699570815,0.6956891565128973,0.6951612032015293,0.30261812755830114,0.6487117927452097,0.27,0.19708029197080293,0.22784810126582283,0.23539518900343642,17.0
0.3130434782608696,0.72,0.3278008298755187,0.4363636363636364,0.6960995850622407,0.6952789699570815,0.6956891565128973,0.6951612032015293,0.30261812755830114,0.6487117927452097,0.27,0.19708029197080293,0.22784810126582283,0.23539518900343642,17.0
0.3130434782608696,0.72,0.3278008298755187,0.4363636363636364,0.6960995850622407,0.6952789699570815,0.6956891565128973,0.6951612032015293,0.30261812755830114,0.6487117927452097,0.27,0.19708029197080293,0.22784810126582283,0.23539518900343642,17.0
0.3130434782608696,0.72,0.3278008298755187,0.4363636363636364,0.6960995850622407,0.6952789699570815,0.6956891565128973,0.6951612032015293,0.30261812755830114,0.6487117927452097,0.27,0.19708029197080293,0.22784810126582283,0.23539518900343642,17.0
0.3130434782608696,0.72,0.3278008298755187,0.4363636363636364,0.6960995850622407,0.6952789699570815,0.6956891565128973,0.6951612032015293,0.30261812755830114,0.6487117927452097,0.27,0.19708029197080293,0.22784810126582283,0.23539518900343642,17.0
0.3130434782608696,0.72,0.3278008298755187,0.4363636363636364,0.6960995850622407,0.6952789699570815,0.6956891565128973,0.6951612032015293,0.30261812755830114,0.6487117927452097,0.27,0.19708029197080293,0.22784810126582283,0.23539518900343642,17.0
0.3130434782608696,0.72,0.3278008298755187,0.4363636363636364,0.6960995850622407,0.6952789699570815,0.6956891565128973,0.6951612032015293,0.30261812755830114,0.6487117927452097,0.27,0.19708029197080293,0.22784810126582283,0.23539518900343642,17.0
0.3130434782608696,0.72,0.3278008298755187,0.4363636363636364,0.6960995850622407,0.6952789699570815,0.6956891565128973,0.6951612032015293,0.30261812755830114,0.6487117927452097,0.27,0.19708029197080293,0.22784810126582283,0.23539518900343642,17.0
0.3130434782608696,0.72,0.3278008298755187,0.4363636363636364,0.6960995850622407,0.6952789699570815,0.6956891565128973,0.6951612032015293,0.30261812755830114,0.6487117927452097,0.27,0.19708029197080293,0.22784810126582283,0.23539518900343642,17.0
0.3130434782608696,0.72,0.3278008298755187,0.4363636363636364,0.6960995850622407,0.6952789699570815,0.6956891565128973,0.6951612032015293,0.30261812755830114,0.6487117927452097,0.27,0.19708029197080293,0.22784810126582283,0.23539518900343642,17.0
0.3130434782608696,0.72,0.3278008298755187,0.4363636363636364,0.6960995850622407,0.6952789699570815,0.6956891565128973,0.6951612032015293,0.30261812755830114,0.6487117927452097,0.27,0.19708029197080293,0.22784810126582283,0.23539518900343642,17.0
0.3130434782608696,0.72,0.3278008298755187,0.4363636363636364,0.6960995850622407,0.6952789699570815,0.6956891565128973,0.6951612032015293,0.30261812755830114,0.6487117927452097,0.27,0.19708029197080293,0.22784810126582283,0.23539518900343642,17.0
0.3130434782608696,0.72,0.3278008298755187,0.4363636363636364,0.6960995850622407,0.6952789699570815,0.6956891565128973,0.6951612032015293,0.30261812755830114,0.6487117927452097,0.27,0.19708029197080293,0.22784810126582283,0.23539518900343642,17.0
0.3130434782608696,0.72,0.3278008298755187,0.4363636363636364,0.6960995850622407,0.6952789699570815,0.6956891565128973,0.6951612032015293,0.30261812755830114,0.6487117927452097,0.27,0.19708029197080293,0.22784810126582283,0.23539518900343642,17.0
0.3130434782608696,0.72,0.3278008298755187,0.4363636363636364,0.6960995850622407,0.6952789699570815,0.6956891565128973,0.6951612032015293,0.30261812755830114,0.6487117927452097,0.27,0.19708029197080293,0.22784810126582283,0.23539518900343642,17.0
0.3130434782608696,0.72,0.3278008298755187,0.4363636363636364,0.6960995850622407,0.6952789699570815,0.6956891565128973,0.6951612032015293,0.30261812755830114,0.6487117927452097,0.27,0.19708029197080293,0.22784810126582283,0.23539518900343642,17.0
0.3130434782608696,0.72,0.3278008298755187,0.4363636363636364,0.6960995850622407,0.6952789699570815,0.6956891565128973,0.6951612032015293,0.30261812755830114,0.6487117927452097,0.27,0.19708029197080293,0.22784810126582283,0.23539518900343642,17.0
0.3130434782608696,0.72,0.3278008298755187,0.4363636363636364,0.6960995850622407,0.6952789699570815,0.6956891565128973,0.6951612032015293,0.30261812755830114,0.6487117927452097,0.27,0.19708029197080293,0.22784810126582283,0.23539518900343642,17.0
0.3130434782608696,0.72,0.3278008298755187,0.4363636363636364,0.6960995850622407,0.6952789699570815,0.6956891565128973,0.6951612032015293,0.30261812755830114,0.6487117927452097,0.27,0.19708029197080293,0.22784810126582283,0.23539518900343642,17.0
0.3130434782608696,0.72,0.3278008298755187,0.4363636363636364,0.6960995850622407,0.6952789699570815,0.6956891565128973,0.6951612032015293,0.30261812755830114,0.6487117927452097,0.27,0.19708029197080293,0.22784810126582283,0.23539518900343642,17.0
0.3130434782608696,0.72,0.3278008298755187,0.4363636363636364,0.6960995850622407,0.6952789699570815,0.6956891565128973,0.6951612032015293,0.30261812755830114,0.6487117927452097,0.27,0.19708029197080293,0.22784810126582283,0.23539518900343642,17.0
0.3130434782608696,0.72,0.3278008298755187,0.4363636363636364,0.6960995850622407,0.6952789699570815,0.6956891565128973,0.6951612032015293,0.30261812755830114,0.6487117927452097,0.27,0.19708029197080293,0.22784810126582283,0.23539518900343642,17.0
0.3130434782608696,0.72,0.3278008298755187,0.4363636363636364,0.6960995850622407,0.6952789699570815,0.6956891565128973,0.6951612032015293,0.30261812755830114,0.6487117927452097,0.27,0.19708029197080293,0.22784810126582283,0.23539518900343642,17.0
0.3130434782608696,0.72,0.3278008298755187,0.4363636363636364,0.6960995850622407,0.6952789699570815,0.6956891565128973,0.6951612032015293,0.30261812755830114,0.6487117927452097,0.27,0.19708029197080293,0.22784810126582283,0.23539518900343642,17.0
0.3130434782608696,0.72,0.3278008298755187,0.4363636363636364,0.6960995850622407,0.6952789699570815,0.6956891565128973,0.6951612032015293,0.30261812755830114,0.6487117927452097,0.27,0.19708029197080293,0.22784810126582283,0.23539518900343642,17.0
0.3130434782608696,0.72,0.3278008298755187,0.4363636363636364,0.6960995850622407,0.6952789699570815,0.6956891565128973,0.6951612032015293,0.30261812755830114,0.6487117927452097,0.27,0.19708029197080293,0.22784810126582283,0.23539518900343642,17.0
0.3130434782608696,0.72,0.3278008298755187,0.4363636363636364,0.6960995850622407,0.6952789699570815,0.6956891565128973,0.6951612032015293,0.30261812755830114,0.6487117927452097,0.27,0.19708029197080293,0.22784810126582283,0.23539518900343642,17.0
0.3130434782608696,0.72,0.3278008298755187,0.4363636363636364,0.6960995850622407,0.6952789699570815,0.6956891565128973,0.6951612032015293,0.30261812755830114,0.6487117927452097,0.27,0.19708029197080293,0.22784810126582283,0.23539518900343642,17.0
