0.2222222222222222,0.5714285714285714,0.35,0.32,0.6107142857142857,0.6081871345029239,0.609449400220044,0.6087370006071651,0.1621725786483723,0.6102656433401619,0.42857142857142855,0.3,0.3529411764705882,0.2127659574468085,2.0
0.2222222222222222,0.5714285714285714,0.35,0.32,0.6107142857142857,0.6081871345029239,0.609449400220044,0.6087370006071651,0.1621725786483723,0.6102656433401619,0.42857142857142855,0.3,0.3529411764705882,0.2127659574468085,2.0
0.2222222222222222,0.5714285714285714,0.35,0.32,0.6107142857142857,0.6081871345029239,0.609449400220044,0.6087370006071651,0.1621725786483723,0.6102656433401619,0.42857142857142855,0.3,0.3529411764705882,0.2127659574468085,2.0
0.2222222222222222,0.5714285714285714,0.35,0.32,0.6107142857142857,0.6081871345029239,0.609449400220044,0.6087370006071651,0.1621725786483723,0.6102656433401619,0.42857142857142855,0.3,0.3529411764705882,0.2127659574468085,2.0
0.2222222222222222,0.5714285714285714,0.35,0.32,0.6107142857142857,0.6081871345029239,0.609449400220044,0.6087370006071651,0.1621725786483723,0.6102656433401619,0.42857142857142855,0.3,0.3529411764705882,0.2127659574468085,2.0
0.2222222222222222,0.5714285714285714,0.35,0.32,0.6107142857142857,0.6081871345029239,0.609449400220044,0.6087370006071651,0.1621725786483723,0.6102656433401619,0.42857142857142855,0.3,0.3529411764705882,0.2127659574468085,2.0
0.2222222222222222,0.5714285714285714,0.35,0.32,0.6107142857142857,0.6081871345029239,0.609449400220044,0.6087370006071651,0.1621725786483723,0.6102656433401619,0.42857142857142855,0.3,0.3529411764705882,0.2127659574468085,2.0
0.2222222222222222,0.5714285714285714,0.35,0.32,0.6107142857142857,0.6081871345029239,0.609449400220044,0.6087370006071651,0.1621725786483723,0.6102656433401619,0.42857142857142855,0.3,0.3529411764705882,0.2127659574468085,2.0
0.2222222222222222,0.5714285714285714,0.35,0.32,0.6107142857142857,0.6081871345029239,0.609449400220044,0.6087370006071651,0.1621725786483723,0.6102656433401619,0.42857142857142855,0.3,0.3529411764705882,0.2127659574468085,2.0
0.2222222222222222,0.5714285714285714,0.35,0.32,0.6107142857142857,0.6081871345029239,0.609449400220044,0.6087370006071651,0.1621725786483723,0.6102656433401619,0.42857142857142855,0.3,0.3529411764705882,0.2127659574468085,2.0
0.2222222222222222,0.5714285714285714,0.35,0.32,0.6107142857142857,0.6081871345029239,0.609449400220044,0.6087370006071651,0.1621725786483723,0.6102656433401619,0.42857142857142855,0.3,0.3529411764705882,0.2127659574468085,2.0
0.2222222222222222,0.5714285714285714,0.35,0.32,0.6107142857142857,0.6081871345029239,0.609449400220044,0.6087370006071651,0.1621725786483723,0.6102656433401619,0.42857142857142855,0.3,0.3529411764705882,0.2127659574468085,2.0
0.2222222222222222,0.5714285714285714,0.35,0.32,0.6107142857142857,0.6081871345029239,0.609449400220044,0.6087370006071651,0.1621725786483723,0.6102656433401619,0.42857142857142855,0.3,0.3529411764705882,0.2127659574468085,2.0
0.2222222222222222,0.5714285714285714,0.35,0.32,0.6107142857142857,0.6081871345029239,0.609449400220044,0.6087370006071651,0.1621725786483723,0.6102656433401619,0.42857142857142855,0.3,0.3529411764705882,0.2127659574468085,2.0
0.2222222222222222,0.5714285714285714,0.35,0.32,0.6107142857142857,0.6081871345029239,0.609449400220044,0.6087370006071651,0.1621725786483723,0.6102656433401619,0.42857142857142855,0.3,0.3529411764705882,0.2127659574468085,2.0
0.2222222222222222,0.5714285714285714,0.35,0.32,0.6107142857142857,0.6081871345029239,0.609449400220044,0.6087370006071651,0.1621725786483723,0.6102656433401619,0.42857142857142855,0.3,0.3529411764705882,0.2127659574468085,2.0
0.2222222222222222,0.5714285714285714,0.35,0.32,0.6107142857142857,0.6081871345029239,0.609449400220044,0.6087370006071651,0.1621725786483723,0.6102656433401619,0.42857142857142855,0.3,0.3529411764705882,0.2127659574468085,2.0
0.2222222222222222,0.5714285714285714,0.35,0.32,0.6107142857142857,0.6081871345029239,0.609449400220044,0.6087370006071651,0.1621725786483723,0.6102656433401619,0.42857142857142855,0.3,0.3529411764705882,0.2127659574468085,2.0
0.2222222222222222,0.5714285714285714,0.35,0.32,0.6107142857142857,0.6081871345029239,0.609449400220044,0.6087370006071651,0.1621725786483723,0.6102656433401619,0.42857142857142855,0.3,0.3529411764705882,0.2127659574468085,2.0
0.2222222222222222,0.5714285714285714,0.35,0.32,0.6107142857142857,0.6081871345029239,0.609449400220044,0.6087370006071651,0.1621725786483723,0.6102656433401619,0.42857142857142855,0.3,0.3529411764705882,0.2127659574468085,2.0
0.2222222222222222,0.5714285714285714,0.35,0.32,0.6107142857142857,0.6081871345029239,0.609449400220044,0.6087370006071651,0.1621725786483723,0.6102656433401619,0.42857142857142855,0.3,0.3529411764705882,0.2127659574468085,2.0
0.2222222222222222,0.5714285714285714,0.35,0.32,0.6107142857142857,0.6081871345029239,0.609449400220044,0.6087370006071651,0.1621725786483723,0.6102656433401619,0.42857142857142855,0.3,0.3529411764705882,0.2127659574468085,2.0
0.2222222222222222,0.5714285714285714,0.35,0.32,0.6107142857142857,0.6081871345029239,0.609449400220044,0.6087370006071651,0.1621725786483723,0.6102656433401619,0.42857142857142855,0.3,0.3529411764705882,0.2127659574468085,2.0
0.2222222222222222,0.5714285714285714,0.35,0.32,0.6107142857142857,0.6081871345029239,0.609449400220044,0.6087370006071651,0.1621725786483723,0.6102656433401619,0.42857142857142855,0.3,0.3529411764705882,0.2127659574468085,2.0
0.2222222222222222,0.5714285714285714,0.35,0.32,0.6107142857142857,0.6081871345029239,0.609449400220044,0.6087370006071651,0.1621725786483723,0.6102656433401619,0.42857142857142855,0.3,0.3529411764705882,0.2127659574468085,2.0
0.2222222222222222,0.5714285714285714,0.35,0.32,0.6107142857142857,0.6081871345029239,0.609449400220044,0.6087370006071651,0.1621725786483723,0.6102656433401619,0.42857142857142855,0.3,0.3529411764705882,0.2127659574468085,2.0
0.2222222222222222,0.5714285714285714,0.35,0.32,0.6107142857142857,0.6081871345029239,0.609449400220044,0.6087370006071651,0.1621725786483723,0.6102656433401619,0.42857142857142855,0.3,0.3529411764705882,0.2127659574468085,2.0
0.2222222222222222,0.5714285714285714,0.35,0.32,0.6107142857142857,0.6081871345029239,0.609449400220044,0.6087370006071651,0.1621725786483723,0.6102656433401619,0.42857142857142855,0.3,0.3529411764705882,0.2127659574468085,2.0
0.2222222222222222,0.5714285714285714,0.35,0.32,0.6107142857142857,0.6081871345029239,0.609449400220044,0.6087370006071651,0.1621725786483723,0.6102656433401619,0.42857142857142855,0.3,0.3529411764705882,0.2127659574468085,2.0
0.2222222222222222,0.5714285714285714,0.35,0.32,0.6107142857142857,0.6081871345029239,0.609449400220044,0.6087370006071651,0.1621725786483723,0.6102656433401619,0.42857142857142855,0.3,0.3529411764705882,0.2127659574468085,2.0
0.2222222222222222,0.5714285714285714,0.35,0.32,0.6107142857142857,0.6081871345029239,0.609449400220044,0.6087370006071651,0.1621725786483723,0.6102656433401619,0.42857142857142855,0.3,0.3529411764705882,0.2127659574468085,2.0
0.2222222222222222,0.5714285714285714,0.35,0.32,0.6107142857142857,0.6081871345029239,0.609449400220044,0.6087370006071651,0.1621725786483723,0.6102656433401619,0.42857142857142855,0.3,0.3529411764705882,0.2127659574468085,2.0
0.2222222222222222,0.5714285714285714,0.35,0.32,0.6107142857142857,0.6081871345029239,0.609449400220044,0.6087370006071651,0.1621725786483723,0.6102656433401619,0.42857142857142855,0.3,0.3529411764705882,0.2127659574468085,2.0
0.2222222222222222,0.5714285714285714,0.35,0.32,0.6107142857142857,0.6081871345029239,0.609449400220044,0.6087370006071651,0.1621725786483723,0.6102656433401619,0.42857142857142855,0.3,0.3529411764705882,0.2127659574468085,2.0
0.2222222222222222,0.5714285714285714,0.35,0.32,0.6107142857142857,0.6081871345029239,0.609449400220044,0.6087370006071651,0.1621725786483723,0.6102656433401619,0.42857142857142855,0.3,0.3529411764705882,0.2127659574468085,2.0
0.2222222222222222,0.5714285714285714,0.35,0.32,0.6107142857142857,0.6081871345029239,0.609449400220044,0.6087370006071651,0.1621725786483723,0.6102656433401619,0.42857142857142855,0.3,0.3529411764705882,0.2127659574468085,2.0
0.2222222222222222,0.5714285714285714,0.35,0.32,0.6107142857142857,0.6081871345029239,0.609449400220044,0.6087370006071651,0.1621725786483723,0.6102656433401619,0.42857142857142855,0.3,0.3529411764705882,0.2127659574468085,2.0
0.2222222222222222,0.5714285714285714,0.35,0.32,0.6107142857142857,0.6081871345029239,0.609449400220044,0.6087370006071651,0.1621725786483723,0.6102656433401619,0.42857142857142855,0.3,0.3529411764705882,0.2127659574468085,2.0
0.2222222222222222,0.5714285714285714,0.35,0.32,0.6107142857142857,0.6081871345029239,0.609449400220044,0.6087370006071651,0.1621725786483723,0.6102656433401619,0.42857142857142855,0.3,0.3529411764705882,0.2127659574468085,2.0
0.2222222222222222,0.5714285714285714,0.35,0.32,0.6107142857142857,0.6081871345029239,0.609449400220044,0.6087370006071651,0.1621725786483723,0.6102656433401619,0.42857142857142855,0.3,0.3529411764705882,0.2127659574468085,2.0
0.2222222222222222,0.5714285714285714,0.35,0.32,0.6107142857142857,0.6081871345029239,0.609449400220044,0.6087370006071651,0.1621725786483723,0.6102656433401619,0.42857142857142855,0.3,0.3529411764705882,0.2127659574468085,2.0
0.2222222222222222,0.5714285714285714,0.35,0.32,0.6107142857142857,0.6081871345029239,0.609449400220044,0.6087370006071651,0.1621725786483723,0.6102656433401619,0.42857142857142855,0.3,0.3529411764705882,0.2127659574468085,2.0
0.2222222222222222,0.5714285714285714,0.35,0.32,0.6107142857142857,0.6081871345029239,0.609449400220044,0.6087370006071651,0.1621725786483723,0.6102656433401619,0.42857142857142855,0.3,0.3529411764705882,0.2127659574468085,2.0
0.2222222222222222,0.5714285714285714,0.35,0.32,0.6107142857142857,0.6081871345029239,0.609449400220044,0.6087370006071651,0.1621725786483723,0.6102656433401619,0.42857142857142855,0.3,0.3529411764705882,0.2127659574468085,2.0
0.2222222222222222,0.5714285714285714,0.35,0.32,0.6107142857142857,0.6081871345029239,0.609449400220044,0.6087370006071651,0.1621725786483723,0.6102656433401619,0.42857142857142855,0.3,0.3529411764705882,0.2127659574468085,2.0
0.2222222222222222,0.5714285714285714,0.35,0.32,0.6107142857142857,0.6081871345029239,0.609449400220044,0.6087370006071651,0.1621725786483723,0.6102656433401619,0.42857142857142855,0.3,0.3529411764705882,0.2127659574468085,2.0
0.2222222222222222,0.5714285714285714,0.35,0.32,0.6107142857142857,0.6081871345029239,0.609449400220044,0.6087370006071651,0.1621725786483723,0.6102656433401619,0.42857142857142855,0.3,0.3529411764705882,0.2127659574468085,2.0
0.2222222222222222,0.5714285714285714,0.35,0.32,0.6107142857142857,0.6081871345029239,0.609449400220044,0.6087370006071651,0.1621725786483723,0.6102656433401619,0.42857142857142855,0.3,0.3529411764705882,0.2127659574468085,2.0
0.2222222222222222,0.5714285714285714,0.35,0.32,0.6107142857142857,0.6081871345029239,0.609449400220044,0.6087370006071651,0.1621725786483723,0.6102656433401619,0.42857142857142855,0.3,0.3529411764705882,0.2127659574468085,2.0
0.2222222222222222,0.5714285714285714,0.35,0.32,0.6107142857142857,0.6081871345029239,0.609449400220044,0.6087370006071651,0.1621725786483723,0.6102656433401619,0.42857142857142855,0.3,0.3529411764705882,0.2127659574468085,2.0
