0.1,0.14285714285714285,0.225,0.11764705882352941,0.4589285714285714,0.24124513618677043,0.3327375628243462,0.3733745626169408,-0.071457523090138,0.5616273841417063,0.14285714285714285,0.125,0.13333333333333333,0.1702127659574468,5.0
0.1,0.14285714285714285,0.225,0.11764705882352941,0.4589285714285714,0.24124513618677043,0.3327375628243462,0.3733745626169408,-0.071457523090138,0.5369892445814992,0.14285714285714285,0.14285714285714285,0.14285714285714285,0.14893617021276595,5.0
0.1111111111111111,0.14285714285714285,0.2,0.125,0.4714285714285714,0.24242424242424243,0.3380617018914066,0.37762797397737247,-0.05170444895529875,0.5715501322096802,0.14285714285714285,0.14285714285714285,0.14285714285714285,0.14893617021276595,4.0
0.1111111111111111,0.14285714285714285,0.2,0.125,0.4714285714285714,0.24242424242424243,0.3380617018914066,0.37762797397737247,-0.05170444895529875,0.5715501322096802,0.14285714285714285,0.14285714285714285,0.14285714285714285,0.14893617021276595,4.0
0.09090909090909091,0.14285714285714285,0.25,0.1111111111111111,0.4464285714285714,0.24,0.32732683535398854,0.3686546596548683,-0.0900937462695559,0.5270664965135252,0.14285714285714285,0.125,0.13333333333333333,0.1702127659574468,6.0
0.1,0.14285714285714285,0.225,0.11764705882352941,0.4589285714285714,0.24124513618677043,0.3327375628243462,0.3733745626169408,-0.071457523090138,0.5616273841417063,0.14285714285714285,0.125,0.13333333333333333,0.1702127659574468,5.0
0.1,0.14285714285714285,0.225,0.11764705882352941,0.4589285714285714,0.24124513618677043,0.3327375628243462,0.3733745626169408,-0.071457523090138,0.5369892445814992,0.14285714285714285,0.14285714285714285,0.14285714285714285,0.14893617021276595,5.0
0.1,0.14285714285714285,0.225,0.11764705882352941,0.4589285714285714,0.24124513618677043,0.3327375628243462,0.3733745626169408,-0.071457523090138,0.5616273841417063,0.14285714285714285,0.125,0.13333333333333333,0.1702127659574468,5.0
0.1111111111111111,0.14285714285714285,0.2,0.125,0.4714285714285714,0.24242424242424243,0.3380617018914066,0.37762797397737247,-0.05170444895529875,0.5715501322096802,0.14285714285714285,0.14285714285714285,0.14285714285714285,0.14893617021276595,4.0
0.1111111111111111,0.14285714285714285,0.2,0.125,0.4714285714285714,0.24242424242424243,0.3380617018914066,0.37762797397737247,-0.05170444895529875,0.5715501322096802,0.14285714285714285,0.14285714285714285,0.14285714285714285,0.14893617021276595,4.0
0.1111111111111111,0.14285714285714285,0.2,0.125,0.4714285714285714,0.24242424242424243,0.3380617018914066,0.37762797397737247,-0.05170444895529875,0.5715501322096802,0.14285714285714285,0.14285714285714285,0.14285714285714285,0.14893617021276595,4.0
0.1111111111111111,0.14285714285714285,0.2,0.125,0.4714285714285714,0.24242424242424243,0.3380617018914066,0.37762797397737247,-0.05170444895529875,0.5715501322096802,0.14285714285714285,0.14285714285714285,0.14285714285714285,0.14893617021276595,4.0
0.1111111111111111,0.14285714285714285,0.2,0.125,0.4714285714285714,0.24242424242424243,0.3380617018914066,0.37762797397737247,-0.05170444895529875,0.5715501322096802,0.14285714285714285,0.14285714285714285,0.14285714285714285,0.14893617021276595,4.0
0.1,0.14285714285714285,0.225,0.11764705882352941,0.4589285714285714,0.24124513618677043,0.3327375628243462,0.3733745626169408,-0.071457523090138,0.5369892445814992,0.14285714285714285,0.14285714285714285,0.14285714285714285,0.14893617021276595,5.0
0.1111111111111111,0.14285714285714285,0.2,0.125,0.4714285714285714,0.24242424242424243,0.3380617018914066,0.37762797397737247,-0.05170444895529875,0.5715501322096802,0.14285714285714285,0.14285714285714285,0.14285714285714285,0.14893617021276595,4.0
0.1111111111111111,0.14285714285714285,0.2,0.125,0.4714285714285714,0.24242424242424243,0.3380617018914066,0.37762797397737247,-0.05170444895529875,0.5715501322096802,0.14285714285714285,0.14285714285714285,0.14285714285714285,0.14893617021276595,4.0
0.09090909090909091,0.14285714285714285,0.25,0.1111111111111111,0.4464285714285714,0.24,0.32732683535398854,0.3686546596548683,-0.0900937462695559,0.5270664965135252,0.14285714285714285,0.125,0.13333333333333333,0.1702127659574468,6.0
0.1111111111111111,0.14285714285714285,0.2,0.125,0.4714285714285714,0.24242424242424243,0.3380617018914066,0.37762797397737247,-0.05170444895529875,0.5715501322096802,0.14285714285714285,0.14285714285714285,0.14285714285714285,0.14893617021276595,4.0
0.1111111111111111,0.14285714285714285,0.2,0.125,0.4714285714285714,0.24242424242424243,0.3380617018914066,0.37762797397737247,-0.05170444895529875,0.5715501322096802,0.14285714285714285,0.14285714285714285,0.14285714285714285,0.14893617021276595,4.0
0.09090909090909091,0.14285714285714285,0.25,0.1111111111111111,0.4464285714285714,0.24,0.32732683535398854,0.3686546596548683,-0.0900937462695559,0.5270664965135252,0.14285714285714285,0.125,0.13333333333333333,0.1702127659574468,6.0
0.1111111111111111,0.14285714285714285,0.2,0.125,0.4714285714285714,0.24242424242424243,0.3380617018914066,0.37762797397737247,-0.05170444895529875,0.5715501322096802,0.14285714285714285,0.14285714285714285,0.14285714285714285,0.14893617021276595,4.0
0.1,0.14285714285714285,0.225,0.11764705882352941,0.4589285714285714,0.24124513618677043,0.3327375628243462,0.3733745626169408,-0.071457523090138,0.5369892445814992,0.14285714285714285,0.14285714285714285,0.14285714285714285,0.14893617021276595,5.0
0.1111111111111111,0.14285714285714285,0.2,0.125,0.4714285714285714,0.24242424242424243,0.3380617018914066,0.37762797397737247,-0.05170444895529875,0.5715501322096802,0.14285714285714285,0.14285714285714285,0.14285714285714285,0.14893617021276595,4.0
0.1,0.14285714285714285,0.225,0.11764705882352941,0.4589285714285714,0.24124513618677043,0.3327375628243462,0.3733745626169408,-0.071457523090138,0.5616273841417063,0.14285714285714285,0.125,0.13333333333333333,0.1702127659574468,5.0
0.1111111111111111,0.14285714285714285,0.2,0.125,0.4714285714285714,0.24242424242424243,0.3380617018914066,0.37762797397737247,-0.05170444895529875,0.5715501322096802,0.14285714285714285,0.14285714285714285,0.14285714285714285,0.14893617021276595,4.0
0.1111111111111111,0.14285714285714285,0.2,0.125,0.4714285714285714,0.24242424242424243,0.3380617018914066,0.37762797397737247,-0.05170444895529875,0.5715501322096802,0.14285714285714285,0.14285714285714285,0.14285714285714285,0.14893617021276595,4.0
0.1,0.14285714285714285,0.225,0.11764705882352941,0.4589285714285714,0.24124513618677043,0.3327375628243462,0.3733745626169408,-0.071457523090138,0.5369892445814992,0.14285714285714285,0.14285714285714285,0.14285714285714285,0.14893617021276595,5.0
0.1,0.14285714285714285,0.225,0.11764705882352941,0.4589285714285714,0.24124513618677043,0.3327375628243462,0.3733745626169408,-0.071457523090138,0.5616273841417063,0.14285714285714285,0.125,0.13333333333333333,0.1702127659574468,5.0
0.1111111111111111,0.14285714285714285,0.2,0.125,0.4714285714285714,0.24242424242424243,0.3380617018914066,0.37762797397737247,-0.05170444895529875,0.5715501322096802,0.14285714285714285,0.14285714285714285,0.14285714285714285,0.14893617021276595,4.0
0.09090909090909091,0.14285714285714285,0.25,0.1111111111111111,0.4464285714285714,0.24,0.32732683535398854,0.3686546596548683,-0.0900937462695559,0.5270664965135252,0.14285714285714285,0.125,0.13333333333333333,0.1702127659574468,6.0
0.1111111111111111,0.14285714285714285,0.2,0.125,0.4714285714285714,0.24242424242424243,0.3380617018914066,0.37762797397737247,-0.05170444895529875,0.5715501322096802,0.14285714285714285,0.14285714285714285,0.14285714285714285,0.14893617021276595,4.0
0.1,0.14285714285714285,0.225,0.11764705882352941,0.4589285714285714,0.24124513618677043,0.3327375628243462,0.3733745626169408,-0.071457523090138,0.5616273841417063,0.14285714285714285,0.125,0.13333333333333333,0.1702127659574468,5.0
0.1,0.14285714285714285,0.225,0.11764705882352941,0.4589285714285714,0.24124513618677043,0.3327375628243462,0.3733745626169408,-0.071457523090138,0.5369892445814992,0.14285714285714285,0.14285714285714285,0.14285714285714285,0.14893617021276595,5.0
0.1111111111111111,0.14285714285714285,0.2,0.125,0.4714285714285714,0.24242424242424243,0.3380617018914066,0.37762797397737247,-0.05170444895529875,0.5715501322096802,0.14285714285714285,0.14285714285714285,0.14285714285714285,0.14893617021276595,4.0
0.1,0.14285714285714285,0.225,0.11764705882352941,0.4589285714285714,0.24124513618677043,0.3327375628243462,0.3733745626169408,-0.071457523090138,0.5616273841417063,0.14285714285714285,0.125,0.13333333333333333,0.1702127659574468,5.0
0.1111111111111111,0.14285714285714285,0.2,0.125,0.4714285714285714,0.24242424242424243,0.3380617018914066,0.37762797397737247,-0.05170444895529875,0.5715501322096802,0.14285714285714285,0.14285714285714285,0.14285714285714285,0.14893617021276595,4.0
0.1111111111111111,0.14285714285714285,0.2,0.125,0.4714285714285714,0.24242424242424243,0.3380617018914066,0.37762797397737247,-0.05170444895529875,0.5715501322096802,0.14285714285714285,0.14285714285714285,0.14285714285714285,0.14893617021276595,4.0
0.1111111111111111,0.14285714285714285,0.2,0.125,0.4714285714285714,0.24242424242424243,0.3380617018914066,0.37762797397737247,-0.05170444895529875,0.5715501322096802,0.14285714285714285,0.14285714285714285,0.14285714285714285,0.14893617021276595,4.0
0.1111111111111111,0.14285714285714285,0.2,0.125,0.4714285714285714,0.24242424242424243,0.3380617018914066,0.37762797397737247,-0.05170444895529875,0.5715501322096802,0.14285714285714285,0.14285714285714285,0.14285714285714285,0.14893617021276595,4.0
0.1111111111111111,0.14285714285714285,0.2,0.125,0.4714285714285714,0.24242424242424243,0.3380617018914066,0.37762797397737247,-0.05170444895529875,0.5715501322096802,0.14285714285714285,0.14285714285714285,0.14285714285714285,0.14893617021276595,4.0
0.1,0.14285714285714285,0.225,0.11764705882352941,0.4589285714285714,0.24124513618677043,0.3327375628243462,0.3733745626169408,-0.071457523090138,0.5616273841417063,0.14285714285714285,0.125,0.13333333333333333,0.1702127659574468,5.0
0.1,0.14285714285714285,0.225,0.11764705882352941,0.4589285714285714,0.24124513618677043,0.3327375628243462,0.3733745626169408,-0.071457523090138,0.5369892445814992,0.14285714285714285,0.14285714285714285,0.14285714285714285,0.14893617021276595,5.0
0.1,0.14285714285714285,0.225,0.11764705882352941,0.4589285714285714,0.24124513618677043,0.3327375628243462,0.3733745626169408,-0.071457523090138,0.5369892445814992,0.14285714285714285,0.14285714285714285,0.14285714285714285,0.14893617021276595,5.0
0.1,0.14285714285714285,0.225,0.11764705882352941,0.4589285714285714,0.24124513618677043,0.3327375628243462,0.3733745626169408,-0.071457523090138,0.5369892445814992,0.14285714285714285,0.14285714285714285,0.14285714285714285,0.14893617021276595,5.0
0.1,0.14285714285714285,0.225,0.11764705882352941,0.4589285714285714,0.24124513618677043,0.3327375628243462,0.3733745626169408,-0.071457523090138,0.5616273841417063,0.14285714285714285,0.125,0.13333333333333333,0.1702127659574468,5.0
0.1111111111111111,0.14285714285714285,0.2,0.125,0.4714285714285714,0.24242424242424243,0.3380617018914066,0.37762797397737247,-0.05170444895529875,0.5715501322096802,0.14285714285714285,0.14285714285714285,0.14285714285714285,0.14893617021276595,4.0
0.1111111111111111,0.14285714285714285,0.2,0.125,0.4714285714285714,0.24242424242424243,0.3380617018914066,0.37762797397737247,-0.05170444895529875,0.5715501322096802,0.14285714285714285,0.14285714285714285,0.14285714285714285,0.14893617021276595,4.0
0.1,0.14285714285714285,0.225,0.11764705882352941,0.4589285714285714,0.24124513618677043,0.3327375628243462,0.3733745626169408,-0.071457523090138,0.5369892445814992,0.14285714285714285,0.14285714285714285,0.14285714285714285,0.14893617021276595,5.0
0.1111111111111111,0.14285714285714285,0.2,0.125,0.4714285714285714,0.24242424242424243,0.3380617018914066,0.37762797397737247,-0.05170444895529875,0.5715501322096802,0.14285714285714285,0.14285714285714285,0.14285714285714285,0.14893617021276595,4.0
0.1111111111111111,0.14285714285714285,0.2,0.125,0.4714285714285714,0.24242424242424243,0.3380617018914066,0.37762797397737247,-0.05170444895529875,0.5715501322096802,0.14285714285714285,0.14285714285714285,0.14285714285714285,0.14893617021276595,4.0
