buggy_B2,buggy_AG,buggy_MA,buggy_RA,ns,nd,nf,entropy,la,ld,lt,fix,ndev,age,nuc,exp,rexp,sexp,commit_date
buggy,clean,clean,clean,1.0986122886681098,2.5649493574615367,3.332204510175204,1.610088137445793,6.7580945044277305,0.0,0.0,0,0.0,0.0,0.0,0.0,0.0,0.0,2014-07-27 11:36:49+01:00
buggy,buggy,buggy,buggy,0.6931471805599453,1.3862943611198906,1.791759469228055,0.950294563379789,4.6443908991413725,3.555348061489413,2.995732273553991,0,0.6931471805599453,0.0,0.6931471805599453,0.6931471805599453,0.6930495128562286,0.6931471805599453,2014-07-27 13:19:30+01:00
clean,clean,clean,clean,0.6931471805599453,1.0986122886681098,1.6094379124341005,1.0666533531084126,1.0986122886681098,1.9459101490553128,3.8122026701459353,1,0.6931471805599453,0.0,1.0986122886681098,1.0986122886681098,1.0985228708413186,1.0986122886681098,2014-07-27 13:38:40+01:00
buggy,buggy,buggy,clean,1.0986122886681098,1.9459101490553128,2.3978952727983707,1.3078140173212909,3.58351893845611,4.553876891600541,3.6712245188752153,0,0.6931471805599453,0.0,1.3862943611198906,1.3862943611198906,1.386164285640194,1.3862943611198906,2014-07-27 14:22:50+01:00
clean,clean,clean,clean,0.0,0.0,0.0,0.0,0.0,0.0,0.0,0,0.0,0.0,0.0,1.6094379124341005,1.6092932470775805,0.0,2014-07-27 14:49:31+01:00
buggy,buggy,buggy,clean,0.6931471805599453,2.079441541679836,2.302585092994046,1.275873940195665,3.951243718581428,2.4849066497880004,3.545778610473263,0,0.6931471805599453,0.0,1.6094379124341005,1.6094379124341005,1.7916381764477651,1.6094379124341005,2014-07-27 14:49:59+01:00
clean,clean,clean,clean,0.6931471805599453,0.6931471805599453,0.6931471805599453,0.0,2.70805020110221,0.0,0.0,0,0.0,0.0,0.0,1.791759469228055,1.9457847974657263,0.0,2014-07-27 15:03:06+01:00
clean,clean,clean,clean,0.0,0.0,0.0,0.0,0.0,0.0,6.939980426276874,0,0.0,0.0,0.0,1.9459101490553128,2.079323315361189,0.0,2014-07-27 15:08:14+01:00
buggy,buggy,buggy,clean,0.6931471805599453,0.6931471805599453,0.6931471805599453,0.0,2.19722457733622,2.079441541679836,2.70805020110221,0,0.6931471805599453,0.0,0.0,1.9459101490553128,2.194813433969575,0.6931471805599453,2014-07-28 13:53:57+01:00
clean,clean,clean,clean,0.0,0.0,0.0,0.0,0.0,0.0,6.453624998892692,0,0.0,0.0,0.0,2.079441541679836,2.3004146995539694,0.0,2014-07-28 13:54:19+01:00
clean,clean,clean,clean,0.6931471805599453,0.6931471805599453,0.6931471805599453,0.0,5.308267697401205,0.0,0.0,0,0.0,0.0,0.0,2.079441541679836,2.395922382621316,0.0,2014-07-28 13:54:19+01:00
clean,buggy,buggy,clean,0.6931471805599453,0.6931471805599453,0.6931471805599453,0.0,2.8903717578961645,0.0,2.772588722239781,0,0.6931471805599453,0.0,0.0,2.19722457733622,2.4830983158712674,1.0986122886681098,2014-07-28 13:54:19+01:00
clean,clean,clean,clean,0.6931471805599453,0.6931471805599453,0.6931471805599453,0.0,0.6931471805599453,0.6931471805599453,3.49650756146648,0,0.6931471805599453,0.0,0.0,2.302585092994046,2.563280242310231,1.3862943611198906,2014-07-28 13:54:19+01:00
clean,clean,clean,clean,0.6931471805599453,0.6931471805599453,0.6931471805599453,0.0,1.6094379124341005,1.6094379124341005,4.941642422609304,1,0.6931471805599453,0.0,0.6931471805599453,2.3978952727983707,2.63750752940988,1.791759469228055,2014-07-28 13:54:19+01:00
clean,clean,clean,clean,0.0,0.0,0.0,0.0,0.0,0.0,6.236369590203704,0,0.0,0.0,0.0,2.4849066497880004,2.706603795669165,0.0,2014-07-28 13:54:19+01:00
clean,clean,clean,clean,0.0,0.0,0.0,0.0,0.0,0.0,0.0,0,0.0,0.0,0.0,2.4849066497880004,2.771232748781495,0.0,2014-07-28 13:54:20+01:00
clean,clean,clean,clean,0.6931471805599453,0.6931471805599453,0.6931471805599453,0.0,1.0986122886681098,0.0,3.49650756146648,0,0.6931471805599453,0.0,0.0,2.4849066497880004,2.8319371846601125,1.6094379124341005,2014-07-28 13:54:20+01:00
clean,clean,clean,clean,0.6931471805599453,0.6931471805599453,0.6931471805599453,0.0,0.6931471805599453,0.6931471805599453,2.4849066497880004,0,0.6931471805599453,0.0,0.6931471805599453,2.5649493574615367,2.8891665389856143,1.9459101490553128,2014-07-28 13:54:20+01:00
clean,clean,clean,clean,0.6931471805599453,1.0986122886681098,1.0986122886681098,0.5676998842597524,2.079441541679836,1.0986122886681098,4.499809670330265,0,0.6931471805599453,0.0,0.6931471805599453,2.6390573296152584,2.943297229056373,2.079441541679836,2014-07-28 13:54:20+01:00
buggy,buggy,buggy,buggy,0.6931471805599453,1.9459101490553128,1.9459101490553128,1.2256643262406786,3.6635616461296463,2.5649493574615367,4.145776735854371,0,0.6931471805599453,0.2876820724517809,1.3862943611198906,2.70805020110221,2.9942431354954198,2.19722457733622,2014-07-28 17:38:27+01:00
buggy,buggy,buggy,buggy,0.6931471805599453,1.791759469228055,2.079441541679836,1.087959406453824,5.170483995038151,3.258096538021482,3.799801399390375,0,0.6931471805599453,0.8109302162163288,1.6094379124341005,2.772588722239781,3.040242538566349,2.302585092994046,2014-07-29 20:02:44+01:00
buggy,clean,clean,clean,1.3862943611198906,2.5649493574615367,3.091042453358316,1.4006033684233845,5.934894195619588,5.262690188904886,4.407794708920161,0,0.6931471805599453,0.5108256237659907,1.791759469228055,2.833213344056216,3.085487746539483,2.772588722239781,2014-07-30 09:36:18+01:00
clean,clean,clean,clean,0.0,0.0,0.0,0.0,0.0,0.0,6.321966616742691,0,0.0,0.0,0.0,2.8903717578961645,3.1289949201390828,0.0,2014-07-30 20:32:37+01:00
clean,clean,clean,clean,0.0,0.0,0.0,0.0,0.0,0.0,3.005682604407159,0,0.0,0.0,0.0,2.8903717578961645,3.171824674394664,0.0,2014-07-30 20:33:27+01:00
buggy,buggy,buggy,buggy,1.0986122886681098,2.079441541679836,2.302585092994046,1.341662279420539,4.3694478524670215,4.02535169073515,4.130712206392976,0,0.6931471805599453,0.6931471805599453,1.3862943611198906,2.8903717578961645,3.208906377696535,2.4849066497880004,2014-08-01 09:17:02+01:00
clean,clean,clean,clean,1.0986122886681098,1.0986122886681098,1.0986122886681098,0.6931471805599453,1.6094379124341005,1.6094379124341005,3.5263605246161616,0,0.6931471805599453,0.0,0.0,2.9444389791664403,3.2485116503716536,2.5649493574615367,2014-08-01 09:17:26+01:00
buggy,buggy,buggy,clean,1.0986122886681098,1.3862943611198906,1.6094379124341005,1.0018192004575306,2.6390573296152584,1.0986122886681098,4.382026634673881,0,0.6931471805599453,0.9162907318741552,1.0986122886681098,2.995732273553991,3.285331215194885,2.6390573296152584,2014-08-01 21:02:06+01:00
clean,clean,clean,clean,0.6931471805599453,0.6931471805599453,0.6931471805599453,0.0,0.6931471805599453,0.6931471805599453,3.713572066704308,0,0.6931471805599453,0.0,0.0,3.044522437723423,3.321785612844935,2.70805020110221,2014-08-01 23:42:07+01:00
buggy,buggy,buggy,buggy,1.0986122886681098,1.791759469228055,2.19722457733622,1.132065105774723,3.9318256327243257,3.555348061489413,4.940053859924166,0,0.6931471805599453,0.2513144282809061,1.3862943611198906,3.091042453358316,3.357019722302144,2.772588722239781,2014-08-02 01:42:15+01:00
clean,clean,clean,clean,1.0986122886681098,1.0986122886681098,1.0986122886681098,0.6931471805599453,1.6094379124341005,1.6094379124341005,3.5263605246161616,0,0.6931471805599453,0.0,0.0,3.1354942159291497,3.39126521436206,2.833213344056216,2014-08-02 01:42:25+01:00
clean,clean,clean,clean,0.6931471805599453,1.0986122886681098,1.3862943611198906,0.7192931633887648,2.079441541679836,2.19722457733622,4.624972813284271,1,0.6931471805599453,0.0,1.0986122886681098,3.1780538303479458,3.4243499107979645,2.8903717578961645,2014-08-02 01:57:16+01:00
buggy,buggy,buggy,clean,1.6094379124341005,2.19722457733622,2.3978952727983707,1.3251691920429327,4.204692619390966,2.5649493574615367,3.5467396869528134,0,0.6931471805599453,0.0,1.0986122886681098,3.218875824868201,3.455417744824258,2.9444389791664403,2014-08-02 10:56:26+01:00
clean,clean,clean,clean,0.6931471805599453,0.6931471805599453,0.6931471805599453,0.0,0.0,1.6094379124341005,3.80666248977032,0,0.6931471805599453,0.0,0.6931471805599453,3.258096538021482,3.486496007668136,2.995732273553991,2014-08-02 11:00:37+01:00
clean,clean,clean,clean,0.6931471805599453,1.0986122886681098,1.3862943611198906,0.8551147070031858,2.302585092994046,2.302585092994046,4.343805421853684,0,0.6931471805599453,0.0,1.3862943611198906,3.295836866004329,3.516640598669936,3.044522437723423,2014-08-02 11:02:57+01:00
clean,clean,clean,clean,0.6931471805599453,0.6931471805599453,0.6931471805599453,0.0,0.6931471805599453,0.6931471805599453,3.610917912644224,0,0.6931471805599453,0.0,0.0,3.332204510175204,3.545896884924273,1.9459101490553128,2014-08-02 11:08:34+01:00
buggy,buggy,buggy,buggy,1.3862943611198906,2.302585092994046,2.70805020110221,1.4327870457138747,5.356586274672012,1.791759469228055,3.7274131181161794,0,0.6931471805599453,0.538996500732687,1.9459101490553128,3.367295829986474,3.574005600272917,3.091042453358316,2014-08-02 14:06:30+01:00
clean,clean,clean,clean,1.0986122886681098,1.0986122886681098,1.0986122886681098,0.6931471805599453,1.6094379124341005,1.6094379124341005,3.5263605246161616,0,0.6931471805599453,0.0,0.0,3.4011973816621555,3.6016421699040184,3.1354942159291497,2014-08-02 14:17:48+01:00
clean,clean,clean,clean,0.6931471805599453,0.6931471805599453,0.6931471805599453,0.0,0.6931471805599453,0.6931471805599453,4.110873864173311,0,0.6931471805599453,0.0,0.6931471805599453,3.4339872044851463,3.628447696265331,2.19722457733622,2014-08-02 15:16:37+01:00
clean,clean,clean,clean,0.6931471805599453,1.0986122886681098,1.3862943611198906,0.665967607738554,2.70805020110221,0.0,3.982792076316353,0,0.6931471805599453,2.3513752571634776,1.0986122886681098,3.4657359027997265,3.633668051087747,2.302585092994046,2014-08-10 15:53:02+01:00
buggy,buggy,buggy,buggy,1.3862943611198906,2.6390573296152584,2.995732273553991,1.4937638958345405,5.69035945432406,3.970291913552122,3.7550613609952377,0,0.6931471805599453,1.8458266904983307,1.9459101490553128,3.49650756146648,3.659560069841635,3.258096538021482,2014-08-10 17:35:23+01:00
clean,clean,clean,clean,0.0,0.0,0.0,0.0,0.0,0.0,0.0,0,0.0,0.0,0.0,3.5263605246161616,3.684971927865489,0.0,2014-08-10 17:38:49+01:00
clean,clean,clean,clean,1.0986122886681098,1.0986122886681098,1.0986122886681098,0.6931471805599453,1.6094379124341005,1.6094379124341005,3.5409593240373143,0,0.6931471805599453,0.0,0.0,3.5263605246161616,3.709754315652989,3.295836866004329,2014-08-10 17:41:59+01:00
buggy,buggy,buggy,buggy,1.3862943611198906,2.302585092994046,2.3978952727983707,1.3693679797259923,3.871201010907891,2.8903717578961645,4.345103280569283,0,0.6931471805599453,2.6390573296152584,1.9459101490553128,3.555348061489413,3.7006543819659545,3.332204510175204,2014-08-23 18:17:51+01:00
clean,clean,clean,clean,0.6931471805599453,0.6931471805599453,0.6931471805599453,0.0,0.0,1.0986122886681098,2.4849066497880004,0,0.6931471805599453,0.0,0.0,3.58351893845611,3.625292274675564,0.6931471805599453,2014-10-04 13:16:05+01:00
clean,clean,clean,clean,1.0986122886681098,1.0986122886681098,1.0986122886681098,0.5940327421838975,2.079441541679836,0.6931471805599453,1.992430164690206,0,0.6931471805599453,0.0,0.0,3.610917912644224,3.651584330463175,0.6931471805599453,2014-10-04 13:16:26+01:00
buggy,buggy,buggy,buggy,0.6931471805599453,1.9459101490553128,2.70805020110221,1.3658736868946515,6.386879319362645,3.555348061489413,3.74275868779084,0,0.6931471805599453,2.970414465569701,1.3862943611198906,3.6375861597263857,3.675114215897612,3.295836866004329,2014-10-05 11:11:28+01:00
clean,clean,clean,clean,1.0986122886681098,1.0986122886681098,1.0986122886681098,0.6931471805599453,1.0986122886681098,1.0986122886681098,3.481240089335692,0,0.6931471805599453,0.0,0.0,3.6635616461296463,3.70013249807265,3.332204510175204,2014-10-05 11:19:12+01:00
buggy,clean,clean,clean,1.6094379124341005,2.70805020110221,3.218875824868201,1.5263321502284894,5.877735781779639,5.484796933490655,3.87589428133964,0,0.6931471805599453,3.3984157387002787,2.302585092994046,3.688879454113936,3.723979009890444,3.4339872044851463,2014-10-05 17:17:03+01:00
buggy,buggy,buggy,clean,0.6931471805599453,0.6931471805599453,0.6931471805599453,0.0,0.6931471805599453,0.6931471805599453,6.229227977990063,0,0.6931471805599453,0.0,0.0,3.713572066704308,3.736948046686089,2.079441541679836,2014-10-10 10:42:28+01:00
clean,clean,clean,clean,0.6931471805599453,0.6931471805599453,0.6931471805599453,0.0,0.6931471805599453,0.0,3.784189633918261,1,0.6931471805599453,0.0,0.0,3.737669618283368,3.760477123427589,3.4011973816621555,2014-10-10 10:53:52+01:00
clean,clean,clean,clean,0.6931471805599453,0.6931471805599453,0.6931471805599453,0.0,1.3862943611198906,0.0,3.688879454113936,1,0.6931471805599453,0.0,0.0,3.7612001156935615,3.783482437475129,3.4339872044851463,2014-10-10 10:54:16+01:00
clean,clean,clean,clean,0.0,0.0,0.0,0.0,0.0,0.0,6.328650814462852,0,0.0,0.0,0.0,3.784189633918261,3.7851221383772944,0.0,2014-10-19 13:01:41+01:00
clean,clean,clean,clean,1.3862943611198906,1.3862943611198906,1.3862943611198906,0.9497110013643236,2.302585092994046,2.302585092994046,3.476098689835273,0,0.6931471805599453,0.0,0.0,3.784189633918261,3.788558974178199,3.5263605246161616,2014-10-27 22:16:01+00:00
buggy,buggy,buggy,buggy,1.791759469228055,2.70805020110221,2.9444389791664403,1.4459605733329508,5.733341276897746,3.610917912644224,4.432600920636815,0,0.6931471805599453,3.6228583530161433,2.079441541679836,3.80666248977032,3.767895728716546,3.58351893845611,2014-11-16 12:56:47+00:00
buggy,buggy,buggy,buggy,1.0986122886681098,1.0986122886681098,1.0986122886681098,0.4076349754261754,2.19722457733622,0.6931471805599453,4.276666119016055,0,0.6931471805599453,0.0,1.0986122886681098,3.828641396489095,3.7906961420851655,3.5263605246161616,2014-11-16 13:21:45+00:00
buggy,buggy,buggy,buggy,1.3862943611198906,1.6094379124341005,1.9459101490553128,0.9884184651153012,5.43372200355424,4.997212273764115,4.997212273764115,0,0.6931471805599453,1.9218125974762528,1.791759469228055,3.8501476017100575,3.797665306067098,3.610917912644224,2014-11-23 16:30:21+00:00
buggy,clean,clean,clean,1.791759469228055,2.5649493574615367,3.1780538303479458,1.5789264160543548,4.955827057601261,5.25227342804663,4.388527199276975,0,0.6931471805599453,3.993602992420569,2.302585092994046,3.871201010907891,3.775677283181937,3.6635616461296463,2014-12-14 17:18:04+00:00
clean,clean,clean,clean,0.0,0.0,3.218875824868201,0.0,5.75890177387728,5.652489180268651,0.0,0,0.0,0.0,0.0,3.8918202981106265,3.798334111841012,0.0,2014-12-14 17:22:14+00:00
buggy,buggy,buggy,buggy,1.6094379124341005,2.19722457733622,2.3978952727983707,1.1542848786052768,4.158883083359672,4.07753744390572,4.623188691490769,1,0.6931471805599453,1.0986122886681098,1.791759469228055,3.912023005428146,3.8159381698024872,3.828641396489095,2014-12-16 22:02:23+00:00
clean,clean,clean,clean,0.0,0.0,0.0,0.0,0.0,0.0,8.120886021092838,0,0.0,0.0,0.0,3.9318256327243257,3.837708039306316,0.0,2014-12-16 22:08:07+00:00
buggy,buggy,buggy,buggy,1.0986122886681098,1.6094379124341005,1.791759469228055,0.9752168199000384,5.14166355650266,4.934473933130692,5.093750200806762,0,0.6931471805599453,0.6931471805599453,1.3862943611198906,3.9318256327243257,3.858964675413289,3.6375861597263857,2014-12-16 22:47:34+00:00
buggy,buggy,buggy,buggy,1.0986122886681098,1.3862943611198906,1.6094379124341005,1.0609957167418744,2.19722457733622,2.079441541679836,5.344723739362192,0,0.6931471805599453,0.4054651081081644,1.6094379124341005,3.951243718581428,3.879804916264306,3.6635616461296463,2014-12-16 23:08:12+00:00
buggy,buggy,buggy,buggy,0.6931471805599453,1.6094379124341005,2.19722457733622,1.2606145078964384,4.343805421853684,4.219507705176107,4.959341999708705,0,0.6931471805599453,0.0,1.791759469228055,3.970291913552122,3.9002106854216607,3.688879454113936,2014-12-16 23:34:24+00:00
clean,buggy,buggy,buggy,1.0986122886681098,1.3862943611198906,1.3862943611198906,0.7967577368843449,3.044522437723423,2.079441541679836,5.353436665769116,1,0.6931471805599453,0.0,1.3862943611198906,3.9889840465642745,3.918377808517352,3.7612001156935615,2014-12-17 20:34:32+00:00
clean,clean,clean,clean,1.0986122886681098,1.0986122886681098,1.0986122886681098,0.6931471805599453,1.0986122886681098,1.0986122886681098,3.7954891891721942,0,0.6931471805599453,0.0,0.0,4.007333185232471,3.9380528678840943,3.784189633918261,2014-12-17 20:36:47+00:00
clean,clean,clean,clean,0.0,0.0,2.19722457733622,0.0,4.343805421853684,4.219507705176107,0.0,0,0.0,0.0,0.0,4.02535169073515,3.9573442021706193,0.0,2014-12-17 20:41:42+00:00
buggy,buggy,buggy,buggy,1.3862943611198906,1.6094379124341005,1.9459101490553128,1.1241694159656528,4.454347296253507,3.5263605246161616,5.06680556556331,1,0.6931471805599453,3.232121051618221,1.9459101490553128,4.04305126783455,3.976206405709369,3.80666248977032,2014-12-17 21:29:02+00:00
buggy,buggy,buggy,buggy,1.3862943611198906,2.19722457733622,2.833213344056216,1.4204210040685237,4.927253685157205,4.0943445622221,4.539964775862816,0,0.6931471805599453,1.33500106673234,2.3978952727983707,4.060443010546419,3.9888087345765095,3.8501476017100575,2014-12-20 15:36:47+00:00
buggy,buggy,buggy,buggy,1.3862943611198906,2.079441541679836,2.5649493574615367,1.265643637285229,5.529429087511423,3.044522437723423,4.29571431398675,0,0.6931471805599453,0.3566749439387323,1.791759469228055,4.07753744390572,4.007061323018591,3.8501476017100575,2014-12-20 16:42:51+00:00
clean,clean,clean,clean,0.6931471805599453,0.6931471805599453,0.6931471805599453,0.0,0.0,2.3978952727983707,5.8805329864007,0,0.6931471805599453,0.0,0.6931471805599453,4.0943445622221,4.025074724926855,3.828641396489095,2014-12-20 16:49:25+00:00
clean,clean,clean,clean,0.6931471805599453,0.6931471805599453,0.6931471805599453,0.0,0.6931471805599453,1.6094379124341005,5.8522024797744745,0,0.6931471805599453,0.0,0.6931471805599453,4.110873864173311,4.04235952193879,3.8501476017100575,2014-12-20 21:24:57+00:00
clean,clean,clean,clean,0.6931471805599453,0.6931471805599453,0.6931471805599453,0.0,1.0986122886681098,0.0,5.318119993844216,0,0.6931471805599453,0.0,0.6931471805599453,4.127134385045092,4.059762889514977,3.871201010907891,2014-12-20 21:25:09+00:00
clean,buggy,buggy,clean,1.0986122886681098,1.6094379124341005,2.3978952727983707,1.276033477977436,4.30406509320417,3.688879454113936,4.925803358579558,0,0.6931471805599453,2.4932054526026954,2.302585092994046,4.143134726391533,4.075645646171193,3.9318256327243257,2014-12-21 10:42:16+00:00
clean,clean,clean,clean,1.0986122886681098,1.0986122886681098,1.0986122886681098,0.6931471805599453,1.6094379124341005,1.6094379124341005,3.80666248977032,0,0.6931471805599453,0.0,0.0,4.158883083359672,4.0924730841046415,3.951243718581428,2014-12-21 10:49:34+00:00
buggy,buggy,buggy,buggy,0.6931471805599453,1.0986122886681098,1.3862943611198906,0.9481701952996008,3.1354942159291497,2.4849066497880004,5.213122520484805,0,0.6931471805599453,0.0,1.3862943611198906,4.174387269895637,4.109002594257501,3.9318256327243257,2014-12-21 11:09:18+00:00
clean,clean,clean,clean,0.0,0.0,0.0,0.0,0.0,0.0,0.0,0,0.0,0.0,0.0,4.189654742026425,4.125283189254239,0.0,2014-12-21 11:15:50+00:00
clean,clean,clean,clean,0.6931471805599453,0.6931471805599453,0.6931471805599453,0.0,0.6931471805599453,0.6931471805599453,4.955827057601261,1,0.6931471805599453,1.3862943611198906,0.6931471805599453,4.189654742026425,4.140830913967168,2.772588722239781,2014-12-21 16:25:31+00:00
clean,clean,clean,clean,0.6931471805599453,0.6931471805599453,0.6931471805599453,0.0,0.6931471805599453,0.6931471805599453,3.951243718581428,0,0.6931471805599453,0.0,0.0,4.204692619390966,4.156560916818511,3.951243718581428,2014-12-21 17:00:21+00:00
clean,clean,clean,clean,0.6931471805599453,0.6931471805599453,0.6931471805599453,0.0,1.0986122886681098,0.6931471805599453,4.955827057601261,1,0.6931471805599453,0.0,0.6931471805599453,4.219507705176107,4.172100269295152,2.833213344056216,2014-12-21 17:00:44+00:00
clean,clean,clean,clean,1.0986122886681098,1.0986122886681098,1.0986122886681098,0.6931471805599453,1.6094379124341005,1.6094379124341005,3.80666248977032,0,0.6931471805599453,0.0,0.0,4.23410650459726,4.187398843048158,4.007333185232471,2014-12-21 17:03:01+00:00
clean,clean,clean,clean,0.6931471805599453,0.6931471805599453,0.6931471805599453,0.0,0.6931471805599453,0.6931471805599453,5.872117789475416,0,0.6931471805599453,0.6931471805599453,0.6931471805599453,4.248495242049359,4.200306152607676,3.9889840465642745,2014-12-22 15:57:14+00:00
buggy,buggy,buggy,buggy,0.6931471805599453,1.0986122886681098,1.6094379124341005,0.9127303412208818,3.1780538303479458,3.091042453358316,5.434813111136574,0,0.6931471805599453,1.01160091167848,1.6094379124341005,4.262679877041316,4.211254769358306,4.007333185232471,2014-12-24 09:33:47+00:00
buggy,buggy,buggy,buggy,0.6931471805599453,1.3862943611198906,1.3862943611198906,0.6381326244197946,2.833213344056216,1.791759469228055,4.105394398408685,0,0.6931471805599453,0.0,0.6931471805599453,4.276666119016055,4.225219787866419,4.02535169073515,2014-12-24 17:32:17+00:00
clean,clean,clean,clean,1.0986122886681098,1.0986122886681098,1.0986122886681098,0.6931471805599453,1.6094379124341005,1.6094379124341005,3.80666248977032,0,0.6931471805599453,0.0,0.0,4.290459441148391,4.239735799120036,4.07753744390572,2014-12-24 17:32:26+00:00
buggy,buggy,buggy,buggy,0.6931471805599453,0.6931471805599453,0.6931471805599453,0.0,2.772588722239781,0.6931471805599453,4.31748811353631,0,0.6931471805599453,1.0986122886681098,0.6931471805599453,4.30406509320417,4.249316675164533,4.060443010546419,2014-12-26 19:24:20+00:00
clean,clean,clean,clean,1.0986122886681098,1.0986122886681098,1.0986122886681098,0.6931471805599453,1.6094379124341005,1.6094379124341005,3.80666248977032,0,0.6931471805599453,0.0,0.0,4.31748811353631,4.263489297481918,4.110873864173311,2014-12-26 19:24:37+00:00
buggy,buggy,buggy,buggy,1.0986122886681098,1.6094379124341005,1.9459101490553128,1.2270014519944743,4.127134385045092,3.044522437723423,4.151039905898646,0,0.6931471805599453,2.2512917986064958,1.0986122886681098,4.330733340286331,4.271117823326818,4.0943445622221,2014-12-29 14:21:50+00:00
clean,clean,clean,buggy,0.6931471805599453,0.6931471805599453,0.6931471805599453,0.0,1.0986122886681098,2.079441541679836,4.48863636973214,0,0.6931471805599453,1.0986122886681098,0.6931471805599453,4.343805421853684,4.284977173518684,4.110873864173311,2014-12-29 14:28:17+00:00
buggy,clean,clean,clean,1.6094379124341005,2.70805020110221,3.295836866004329,1.504578602179938,5.537334267018537,5.318119993844216,4.203160639007082,0,0.6931471805599453,3.131136910560194,2.70805020110221,4.356708826689592,4.298009638651023,4.189654742026425,2014-12-29 21:17:21+00:00
clean,clean,clean,clean,1.0986122886681098,1.0986122886681098,1.0986122886681098,0.6857338375272745,1.3862943611198906,2.4849066497880004,2.520716102484711,0,0.6931471805599453,0.0,0.0,4.3694478524670215,4.311462475172001,3.555348061489413,2014-12-29 21:49:36+00:00
clean,clean,clean,clean,0.0,0.0,3.80666248977032,0.0,5.5093883366279774,5.3230099791384085,0.0,0,0.0,0.0,0.0,4.382026634673881,4.324769487262692,0.0,2014-12-29 22:00:45+00:00
buggy,buggy,buggy,buggy,0.6931471805599453,1.0986122886681098,1.0986122886681098,0.5676998842597524,2.19722457733622,0.6931471805599453,5.0369526024136295,0,0.6931471805599453,0.0,0.6931471805599453,4.394449154672439,4.337899954270902,4.143134726391533,2014-12-29 22:12:51+00:00
clean,clean,clean,clean,0.0,0.0,0.0,0.0,0.0,0.0,0.0,0,0.0,0.0,0.0,4.406719247264253,4.350878651889757,0.0,2014-12-29 22:13:15+00:00
clean,clean,clean,clean,1.0986122886681098,1.0986122886681098,1.0986122886681098,0.6931471805599453,1.6094379124341005,1.6094379124341005,3.80666248977032,0,0.6931471805599453,0.0,0.0,4.406719247264253,4.363686936087881,4.204692619390966,2014-12-29 22:16:13+00:00
clean,clean,clean,clean,0.6931471805599453,0.6931471805599453,0.6931471805599453,0.0,1.0986122886681098,1.0986122886681098,3.951243718581428,0,0.6931471805599453,0.0,0.0,4.418840607796598,4.370469972459853,4.174387269895637,2015-01-01 11:20:53+00:00
buggy,buggy,buggy,buggy,1.3862943611198906,1.9459101490553128,2.19722457733622,1.1027431024777723,4.189654742026425,3.295836866004329,5.047449267218972,1,0.6931471805599453,1.0986122886681098,1.6094379124341005,4.430816798843313,4.382909376990996,4.262679877041316,2015-01-01 12:40:01+00:00
clean,clean,clean,clean,1.0986122886681098,1.0986122886681098,1.0986122886681098,0.6931471805599453,1.6094379124341005,1.6094379124341005,3.80666248977032,0,0.6931471805599453,0.0,0.0,4.442651256490317,4.3953175560506095,4.248495242049359,2015-01-01 12:42:10+00:00
buggy,buggy,buggy,buggy,1.3862943611198906,2.302585092994046,3.044522437723423,1.502561495815819,5.877735781779639,3.5263605246161616,4.35799005684564,0,0.6931471805599453,0.538996500732687,2.079441541679836,4.454347296253507,4.407067828866788,4.290459441148391,2015-01-01 17:59:06+00:00
clean,buggy,buggy,buggy,1.3862943611198906,2.079441541679836,2.772588722239781,1.391002769924299,5.484796933490655,3.367295829986474,4.073067163774816,0,0.6931471805599453,0.0,1.6094379124341005,4.465908118654584,4.417331380597543,4.30406509320417,2015-01-02 13:11:38+00:00
clean,clean,clean,clean,1.0986122886681098,1.9459101490553128,2.3978952727983707,1.2692123172695908,4.941642422609304,3.912023005428146,3.5263605246161616,0,0.6931471805599453,0.0,1.0986122886681098,4.477336814478207,4.42913655722649,4.290459441148391,2015-01-02 15:09:01+00:00
buggy,buggy,buggy,buggy,1.0986122886681098,1.9459101490553128,2.079441541679836,1.2485453533650148,2.772588722239781,2.70805020110221,4.704368899532109,0,0.6931471805599453,0.0,1.6094379124341005,4.48863636973214,4.440958935688908,4.30406509320417,2015-01-02 15:28:46+00:00
clean,clean,clean,clean,0.6931471805599453,0.6931471805599453,0.6931471805599453,0.0,1.0986122886681098,0.0,4.31748811353631,0,0.6931471805599453,0.0,0.0,4.499809670330265,4.452520883840581,4.276666119016055,2015-01-02 17:03:54+00:00
clean,clean,clean,clean,0.0,0.0,0.6931471805599453,0.0,1.0986122886681098,0.0,0.0,0,0.0,0.0,0.0,4.51085950651685,4.464102502490379,0.0,2015-01-02 17:04:02+00:00
clean,clean,clean,clean,0.6931471805599453,0.6931471805599453,0.6931471805599453,0.0,0.6931471805599453,0.6931471805599453,4.127134385045092,0,0.6931471805599453,0.0,0.0,4.5217885770490405,4.473790227767511,4.290459441148391,2015-01-03 11:10:27+00:00
buggy,clean,buggy,buggy,1.0986122886681098,1.3862943611198906,1.3862943611198906,0.8212191869809025,2.6390573296152584,2.5649493574615367,5.378360074221573,1,0.6931471805599453,0.0,1.0986122886681098,4.532599493153256,4.485101840192851,4.343805421853684,2015-01-03 11:27:37+00:00
buggy,buggy,buggy,clean,1.6094379124341005,2.19722457733622,2.8903717578961645,1.4431564590894428,5.648974238161206,4.912654885736052,4.126285128093836,0,0.6931471805599453,0.2876820724517809,1.6094379124341005,4.543294782270004,4.496097636073283,4.382026634673881,2015-01-03 13:40:59+00:00
clean,clean,clean,clean,0.0,0.0,3.6375861597263857,0.0,6.714170529909472,3.8918202981106265,0.0,1,0.0,0.0,0.0,4.553876891600541,4.507184321106254,0.0,2015-01-03 13:43:27+00:00
clean,clean,clean,clean,0.6931471805599453,0.6931471805599453,0.6931471805599453,0.0,0.6931471805599453,0.6931471805599453,5.267858159063328,0,0.6931471805599453,0.0,0.6931471805599453,4.564348191467836,4.518140113060103,3.1354942159291497,2015-01-03 13:51:36+00:00
clean,clean,clean,clean,0.6931471805599453,0.6931471805599453,0.6931471805599453,0.0,0.6931471805599453,0.6931471805599453,5.267858159063328,0,0.6931471805599453,0.0,0.6931471805599453,4.574710978503383,4.528976681335397,3.1780538303479458,2015-01-03 13:59:57+00:00
clean,clean,clean,clean,0.6931471805599453,1.0986122886681098,1.0986122886681098,0.1681567650503275,3.555348061489413,1.0986122886681098,4.02535169073515,0,0.6931471805599453,0.0,0.6931471805599453,4.584967478670572,4.539645463702099,3.713572066704308,2015-01-03 14:39:43+00:00
clean,clean,clean,clean,1.0986122886681098,1.0986122886681098,1.0986122886681098,0.6931471805599453,1.6094379124341005,1.6094379124341005,3.80666248977032,0,0.6931471805599453,0.0,0.0,4.59511985013459,4.550255996461401,4.382026634673881,2015-01-03 14:45:51+00:00
clean,clean,clean,clean,0.6931471805599453,0.6931471805599453,0.6931471805599453,0.0,2.772588722239781,1.9459101490553128,3.610917912644224,0,0.6931471805599453,0.0,0.0,4.605170185988092,4.560735700973315,2.302585092994046,2015-01-03 15:03:44+00:00
clean,clean,clean,clean,0.0,0.0,0.0,0.0,0.0,0.0,6.675823221634848,0,0.0,0.0,0.0,4.61512051684126,4.571098223756145,0.0,2015-01-03 15:26:34+00:00
clean,buggy,buggy,buggy,1.3862943611198906,2.079441541679836,2.19722457733622,1.1867041553455364,4.430816798843313,2.833213344056216,4.999742852929832,0,0.6931471805599453,0.4700036292457356,1.791759469228055,4.61512051684126,4.579353033778762,4.442651256490317,2015-01-04 12:04:50+00:00
clean,clean,clean,clean,0.6931471805599453,0.6931471805599453,0.6931471805599453,0.0,1.0986122886681098,1.0986122886681098,2.079441541679836,0,0.6931471805599453,0.0,0.0,4.624972813284271,4.57558444677163,3.784189633918261,2015-01-10 10:34:02+00:00
buggy,buggy,buggy,buggy,1.3862943611198906,1.3862943611198906,1.3862943611198906,0.8179958734873816,4.204692619390966,3.4011973816621555,5.488937726156687,0,0.6931471805599453,1.9459101490553128,1.3862943611198906,4.634728988229636,4.585782778635429,4.465908118654584,2015-01-10 11:04:20+00:00
buggy,buggy,buggy,buggy,1.0986122886681098,2.19722457733622,2.9444389791664403,1.1825981840585138,6.8501261661455,4.143134726391533,4.330002078827785,1,0.6931471805599453,1.466337068793427,1.791759469228055,4.6443908991413725,4.5953278862801294,4.430816798843313,2015-01-10 17:12:18+00:00
clean,clean,clean,clean,1.0986122886681098,1.0986122886681098,1.0986122886681098,0.6931471805599453,1.6094379124341005,1.6094379124341005,3.817712325956905,0,0.6931471805599453,0.0,0.0,4.653960350157523,4.6053757072705706,4.442651256490317,2015-01-10 17:12:34+00:00
buggy,buggy,buggy,buggy,0.0,0.0,3.737669618283368,0.0,7.576609766973037,4.912654885736052,0.0,0,0.0,0.0,0.0,4.663439094112067,4.56730259157171,0.0,2015-01-31 16:03:08+00:00
clean,clean,clean,clean,0.6931471805599453,0.6931471805599453,0.6931471805599453,0.0,2.772588722239781,0.6931471805599453,3.218875824868201,0,0.6931471805599453,0.0,0.0,4.672828834461906,4.577628769479492,4.394449154672439,2015-01-31 16:07:07+00:00
buggy,buggy,buggy,buggy,1.3862943611198906,2.079441541679836,2.6390573296152584,1.436957825163443,4.812184355372417,4.787491742782046,3.6536507622301926,0,0.6931471805599453,3.044522437723423,1.0986122886681098,4.68213122712422,4.587793208140841,4.465908118654584,2015-01-31 16:47:06+00:00
buggy,buggy,buggy,buggy,0.6931471805599453,1.0986122886681098,1.791759469228055,0.9605865529980816,3.4011973816621555,3.1780538303479458,4.748404354073999,1,0.6931471805599453,2.4423470353692043,1.3862943611198906,4.691347882229144,4.597268539019174,3.8918202981106265,2015-01-31 23:42:21+00:00
buggy,buggy,buggy,buggy,1.3862943611198906,1.9459101490553128,2.19722457733622,1.122111898393555,3.8501476017100575,3.295836866004329,5.135798437050262,0,0.6931471805599453,2.360854001118021,1.791759469228055,4.700480365792417,4.6061988171671,4.532599493153256,2015-02-01 11:24:53+00:00
clean,clean,clean,clean,0.6931471805599453,0.6931471805599453,0.6931471805599453,0.0,0.6931471805599453,0.6931471805599453,4.532599493153256,0,0.6931471805599453,0.0,0.0,4.709530201312334,4.616124403087693,4.430816798843313,2015-02-01 11:34:11+00:00
clean,clean,clean,clean,0.6931471805599453,1.0986122886681098,1.3862943611198906,0.9183848636265178,3.091042453358316,2.4849066497880004,2.1316272948504063,0,0.6931471805599453,0.0,0.0,4.718498871295094,4.625908871835013,4.442651256490317,2015-02-01 12:11:08+00:00
clean,clean,clean,clean,0.6931471805599453,0.6931471805599453,0.6931471805599453,0.0,0.0,1.0986122886681098,6.025865973825314,0,0.6931471805599453,0.0,0.6931471805599453,4.727387818712341,4.635647077798987,3.9318256327243257,2015-02-01 12:16:47+00:00
clean,clean,clean,clean,0.0,0.0,3.58351893845611,0.0,7.066466970136958,5.111987788356544,0.0,0,0.0,0.0,0.0,4.736198448394496,4.645298904321499,0.0,2015-02-01 12:17:35+00:00
clean,clean,clean,clean,0.6931471805599453,0.6931471805599453,0.6931471805599453,0.0,2.079441541679836,0.0,0.0,0,0.6931471805599453,0.0,0.0,4.74493212836325,4.654859211578235,3.951243718581428,2015-02-01 12:17:54+00:00
clean,clean,clean,clean,0.6931471805599453,1.3862943611198906,1.6094379124341005,0.9141606121426972,3.295836866004329,1.0986122886681098,4.185859671057874,0,0.6931471805599453,3.5263605246161616,0.6931471805599453,4.7535901911063645,4.664303219803593,4.454347296253507,2015-02-01 12:34:30+00:00
buggy,clean,clean,clean,1.3862943611198906,2.995732273553991,3.610917912644224,1.5488644053427802,6.126869184114185,6.156978985585555,4.721223331184661,0,0.6931471805599453,3.0639405235805244,2.5649493574615367,4.762173934797756,4.6736803179390165,4.59511985013459,2015-02-01 12:37:23+00:00
clean,clean,clean,clean,0.6931471805599453,0.6931471805599453,0.6931471805599453,0.0,0.6931471805599453,0.6931471805599453,3.218875824868201,0,0.6931471805599453,0.0,0.0,4.770684624465665,4.68296924602843,4.477336814478207,2015-02-01 12:40:54+00:00
clean,clean,clean,clean,0.6931471805599453,0.6931471805599453,0.6931471805599453,0.0,2.19722457733622,1.791759469228055,5.495384739890905,0,0.6931471805599453,0.0,0.0,4.77912349311153,4.692067404597684,2.3978952727983707,2015-02-01 13:50:34+00:00
clean,clean,clean,clean,0.0,0.0,0.0,0.0,0.0,0.0,8.519789817263504,0,0.0,0.0,0.0,4.787491742782046,4.7011448600639225,0.0,2015-02-01 14:21:00+00:00
clean,clean,clean,clean,1.0986122886681098,1.0986122886681098,1.0986122886681098,0.6931471805599453,1.6094379124341005,1.6094379124341005,3.817712325956905,0,0.6931471805599453,0.0,0.0,4.787491742782046,4.710182539784031,4.574710978503383,2015-02-01 14:24:52+00:00
buggy,clean,clean,clean,1.6094379124341005,2.9444389791664403,3.4011973816621555,1.681838365402097,4.574710978503383,4.691347882229144,3.8799346908766457,0,0.6931471805599453,4.849795626118201,2.079441541679836,4.795790545596741,4.491205457666252,4.709530201312334,2015-05-24 13:54:02+01:00
clean,clean,clean,clean,0.0,0.0,0.0,0.0,0.0,0.0,7.999007213243955,0,0.0,0.0,0.0,4.804021044733257,4.502341335189195,0.0,2015-05-24 14:01:05+01:00
buggy,buggy,buggy,buggy,1.3862943611198906,2.5649493574615367,2.833213344056216,1.4194728945046755,4.867534450455582,3.8918202981106265,6.18159864363873,0,0.6931471805599453,4.432516034596273,2.079441541679836,4.804021044733257,4.513205685342642,4.634728988229636,2015-05-24 16:05:08+01:00
buggy,clean,clean,clean,1.3862943611198906,2.833213344056216,3.737669618283368,1.7226024666278683,7.037905963447182,6.368187186350492,4.290459441148391,0,0.6931471805599453,3.4527847504526488,2.5649493574615367,4.812184355372417,4.486360607743383,4.574710978503383,2015-06-14 14:22:35+01:00
buggy,clean,clean,clean,1.3862943611198906,2.833213344056216,3.4011973816621555,1.533346872790787,5.973809611869261,4.941642422609304,4.6232810517574485,0,0.6931471805599453,3.399747055084509,2.19722457733622,4.820281565605037,4.462576445987481,4.584967478670572,2015-07-04 15:16:01+01:00
buggy,buggy,buggy,buggy,1.3862943611198906,2.5649493574615367,3.044522437723423,1.3527602148065083,5.356586274672012,5.081404364984463,4.859424732327354,1,0.6931471805599453,3.8594130551558488,2.4849066497880004,4.8283137373023015,4.473931273010741,4.663439094112067,2015-07-04 16:49:19+01:00
buggy,clean,clean,clean,1.6094379124341005,2.6390573296152584,4.07753744390572,1.6973804512019777,6.695798917058491,6.871091294610546,4.338416993907954,0,0.6931471805599453,2.959364629383116,2.6390573296152584,4.836281906951478,4.483779018080543,4.672828834461906,2015-07-05 13:25:51+01:00
clean,clean,clean,clean,1.3862943611198906,2.19722457733622,2.8903717578961645,1.4705219163047911,4.912654885736052,4.477336814478207,3.570562739490897,0,0.6931471805599453,0.0,1.6094379124341005,4.844187086458591,4.494935524064347,4.6443908991413725,2015-07-05 14:24:21+01:00
buggy,buggy,buggy,clean,1.3862943611198906,1.9459101490553128,2.5649493574615367,1.4045506411997029,5.0369526024136295,4.0943445622221,4.225616459664428,0,0.6931471805599453,0.0,1.0986122886681098,4.852030263919617,4.505896710798719,4.624972813284271,2015-07-05 16:21:05+01:00
buggy,buggy,buggy,clean,1.0986122886681098,1.3862943611198906,1.3862943611198906,0.8067751655708449,2.6390573296152584,2.302585092994046,4.04305126783455,0,0.6931471805599453,0.0,0.0,4.859812404361672,4.516867140293156,4.624972813284271,2015-07-05 16:31:27+01:00
clean,clean,clean,clean,0.6931471805599453,0.6931471805599453,0.6931471805599453,0.0,0.6931471805599453,0.6931471805599453,6.082218910376446,0,0.6931471805599453,0.0,0.6931471805599453,4.867534450455582,4.527704696392474,4.0943445622221,2015-07-05 16:52:51+01:00
buggy,buggy,buggy,buggy,1.3862943611198906,2.19722457733622,2.8903717578961645,1.4110801252451817,5.049856007249537,4.867534450455582,4.5933357283410885,0,0.6931471805599453,2.580216829592325,2.19722457733622,4.875197323201151,4.514208059754852,4.718498871295094,2015-07-19 10:48:58+01:00
buggy,buggy,buggy,buggy,0.6931471805599453,1.9459101490553128,2.4849066497880004,1.327099813523573,6.253828811575473,4.820281565605037,4.153185062245034,0,0.6931471805599453,0.8754687373538999,1.791759469228055,4.882801922586371,4.52477944099687,4.605170185988092,2015-07-19 15:13:16+01:00
buggy,buggy,buggy,buggy,1.0986122886681098,1.6094379124341005,1.9459101490553128,0.9618899242773622,4.919980925828125,4.691347882229144,4.890349128221754,0,0.6931471805599453,0.0,1.791759469228055,4.890349128221754,4.535510018675764,4.624972813284271,2015-07-19 15:52:42+01:00
clean,clean,clean,clean,0.6931471805599453,0.6931471805599453,0.6931471805599453,0.0,1.791759469228055,1.791759469228055,4.859812404361672,0,0.0,0.0,0.0,4.897839799950911,4.546174102256478,4.624972813284271,2015-07-19 15:52:56+01:00
buggy,buggy,buggy,buggy,0.6931471805599453,1.3862943611198906,2.079441541679836,1.1505347763583862,5.017279836814924,4.394449154672439,4.593675806562357,0,0.6931471805599453,1.0986122886681098,1.9459101490553128,4.90527477843843,4.556505955236388,4.634728988229636,2015-07-19 18:50:46+01:00
buggy,buggy,buggy,buggy,1.3862943611198906,2.4849066497880004,2.70805020110221,1.3880571926671024,4.7535901911063645,4.143134726391533,4.532599493153256,1,0.6931471805599453,1.8562979903656265,2.302585092994046,4.912654885736052,4.559543418091757,4.762173934797756,2015-07-23 22:30:01+01:00
clean,clean,clean,clean,0.6931471805599453,1.0986122886681098,1.3862943611198906,0.3041625954259475,3.4657359027997265,3.218875824868201,4.060443010546419,0,0.6931471805599453,1.203972804325936,1.0986122886681098,4.919980925828125,4.568029609772935,4.653960350157523,2015-07-25 00:24:27+01:00
buggy,clean,clean,clean,1.6094379124341005,2.772588722239781,3.5263605246161616,1.6340943812782294,7.125283091510712,6.293419278846481,4.491016918382287,0,0.6931471805599453,3.414686243448099,2.995732273553991,4.927253685157205,4.577117752873925,4.77912349311153,2015-07-25 16:58:46+01:00
clean,clean,clean,clean,0.6931471805599453,0.6931471805599453,1.0986122886681098,0.6735751950725654,1.9459101490553128,2.079441541679836,5.575949103146316,1,0.6931471805599453,2.3978952727983707,1.0986122886681098,4.934473933130692,4.5873310824386255,4.672828834461906,2015-07-25 17:13:41+01:00
buggy,buggy,buggy,buggy,1.3862943611198906,2.302585092994046,2.995732273553991,1.417652947636118,6.369900982828227,5.365976015021851,4.76800485510855,0,0.6931471805599453,0.5596157879354227,2.3978952727983707,4.941642422609304,4.597251075281366,4.795790545596741,2015-07-25 19:59:42+01:00
clean,clean,clean,buggy,0.6931471805599453,1.0986122886681098,1.0986122886681098,0.6514372054716632,1.3862943611198906,1.3862943611198906,4.448516375942715,0,0.6931471805599453,0.0,1.0986122886681098,4.948759890378168,4.606247852609508,4.691347882229144,2015-07-26 09:37:53+01:00
clean,clean,clean,clean,0.6931471805599453,1.6094379124341005,1.791759469228055,1.1916414599677794,1.791759469228055,2.079441541679836,4.704110133842995,0,0.6931471805599453,0.6931471805599453,1.6094379124341005,4.955827057601261,4.616166102561399,4.700480365792417,2015-07-26 09:54:47+01:00
buggy,buggy,buggy,buggy,1.0986122886681098,1.791759469228055,2.833213344056216,1.3961711991361871,5.318119993844216,4.219507705176107,4.552560235715794,0,0.6931471805599453,1.9810014688665836,2.4849066497880004,4.962844630259907,4.625938243117567,4.718498871295094,2015-07-26 10:49:41+01:00
buggy,buggy,buggy,buggy,1.0986122886681098,2.079441541679836,2.9444389791664403,1.4901000406305709,5.799092654460526,5.313205979041787,4.531404035748483,0,0.6931471805599453,1.0498221244986776,2.3978952727983707,4.969813299576001,4.635586578761175,4.727387818712341,2015-07-26 12:06:39+01:00
clean,clean,clean,clean,1.3862943611198906,1.3862943611198906,1.3862943611198906,0.7781815477545028,3.737669618283368,2.995732273553991,3.7612001156935615,1,0.6931471805599453,0.0,0.0,4.976733742420574,4.64522036787216,4.804021044733257,2015-07-26 12:22:07+01:00
buggy,buggy,buggy,clean,0.6931471805599453,1.0986122886681098,1.3862943611198906,0.903713319918806,5.438079308923196,4.770684624465665,5.262690188904886,1,0.6931471805599453,0.0,1.3862943611198906,4.983606621708336,4.654476187030594,4.736198448394496,2015-07-26 16:18:57+01:00
buggy,buggy,buggy,buggy,1.3862943611198906,1.9459101490553128,2.833213344056216,1.415455470721806,5.58724865840025,4.691347882229144,4.702183460158089,0,0.6931471805599453,1.6486586255873816,2.5649493574615367,4.990432586778736,4.663856011594348,4.852030263919617,2015-07-26 17:31:30+01:00
buggy,buggy,buggy,clean,0.6931471805599453,0.6931471805599453,0.6931471805599453,0.0,3.49650756146648,0.0,0.0,0,0.0,0.0,0.0,4.997212273764115,4.673234413255628,0.0,2015-07-26 17:37:13+01:00
buggy,buggy,buggy,buggy,1.0986122886681098,1.6094379124341005,1.6094379124341005,1.0709998274341472,1.9459101490553128,1.9459101490553128,3.784189633918261,0,0.6931471805599453,0.4054651081081644,1.0986122886681098,5.003946305945459,4.682529956788958,4.8283137373023015,2015-07-26 17:39:35+01:00
buggy,buggy,clean,clean,0.6931471805599453,0.6931471805599453,0.6931471805599453,0.0,1.3862943611198906,1.0986122886681098,3.49650756146648,0,0.6931471805599453,0.0,0.0,5.010635294096256,4.69169479065387,0.6931471805599453,2015-07-26 18:16:16+01:00
clean,clean,clean,clean,1.3862943611198906,1.3862943611198906,1.3862943611198906,0.9378898501363452,1.9459101490553128,1.9459101490553128,3.9252682321781664,0,0.6931471805599453,0.0,0.0,5.017279836814924,4.700814387752445,4.844187086458591,2015-07-26 18:23:39+01:00
clean,clean,clean,clean,0.6931471805599453,0.6931471805599453,0.6931471805599453,0.0,0.0,0.6931471805599453,4.406719247264253,0,0.6931471805599453,1.0986122886681098,0.6931471805599453,5.0238805208462765,4.707834438837731,4.770684624465665,2015-07-27 19:56:46+01:00
buggy,buggy,buggy,clean,1.6094379124341005,2.6390573296152584,2.8903717578961645,1.5242014672070563,4.465908118654584,3.7612001156935615,4.125235049241439,1,0.6931471805599453,2.2335922215070942,1.3862943611198906,5.030437921392435,4.716636399475087,4.90527477843843,2015-07-27 22:13:58+01:00
clean,clean,clean,clean,0.6931471805599453,0.6931471805599453,0.6931471805599453,0.0,2.302585092994046,1.6094379124341005,3.8918202981106265,0,0.6931471805599453,0.0,0.0,5.0369526024136295,4.725535457742245,2.5649493574615367,2015-07-27 22:18:46+01:00
clean,clean,clean,clean,1.0986122886681098,1.6094379124341005,2.302585092994046,1.04260116867991,2.6390573296152584,4.51085950651685,4.8580882660035325,0,0.6931471805599453,1.1349799328389845,2.302585092994046,5.043425116919247,4.732581111423466,4.795790545596741,2015-07-28 20:33:52+01:00
clean,clean,clean,clean,0.6931471805599453,0.6931471805599453,0.6931471805599453,0.0,3.555348061489413,0.0,5.831882477283517,0,0.6931471805599453,1.0986122886681098,0.6931471805599453,5.049856007249537,4.741328377013899,4.795790545596741,2015-07-28 20:47:16+01:00
clean,clean,clean,clean,0.6931471805599453,0.6931471805599453,0.6931471805599453,0.0,1.3862943611198906,0.0,4.584967478670572,0,0.6931471805599453,0.0,0.0,5.056245805348308,4.750004852000889,4.804021044733257,2015-07-28 20:56:44+01:00
clean,clean,clean,clean,0.6931471805599453,0.6931471805599453,0.6931471805599453,0.0,0.6931471805599453,0.0,7.682328824904277,0,0.6931471805599453,0.0,0.0,5.062595033026967,4.7585627270648825,2.6390573296152584,2015-07-28 21:38:43+01:00
buggy,buggy,buggy,buggy,1.0986122886681098,1.791759469228055,2.3978952727983707,1.3167345102821832,5.337538079701318,5.327876168789581,4.51852237926242,1,0.6931471805599453,1.1526795099383853,1.791759469228055,5.068904202220232,4.765133154171604,4.820281565605037,2015-07-29 21:58:06+01:00
buggy,buggy,buggy,clean,1.0986122886681098,1.0986122886681098,1.0986122886681098,0.6931471805599453,1.6094379124341005,1.6094379124341005,4.350277936359301,0,0.6931471805599453,0.0,0.0,5.075173815233827,4.7736150347743855,4.890349128221754,2015-07-29 22:00:53+01:00
clean,clean,clean,clean,0.6931471805599453,0.6931471805599453,0.6931471805599453,0.0,0.6931471805599453,0.6931471805599453,3.737669618283368,0,0.6931471805599453,0.0,0.0,5.081404364984463,4.782025510753547,4.262679877041316,2015-07-29 22:03:41+01:00
buggy,buggy,buggy,clean,1.0986122886681098,1.0986122886681098,1.0986122886681098,0.6222528069524389,1.6094379124341005,1.3862943611198906,4.350277936359301,0,0.6931471805599453,0.0,0.0,5.087596335232384,4.790361571373581,4.90527477843843,2015-07-29 22:09:35+01:00
clean,clean,clean,clean,0.6931471805599453,0.6931471805599453,0.6931471805599453,0.0,0.6931471805599453,0.6931471805599453,4.624972813284271,0,0.6931471805599453,0.0,0.0,5.093750200806762,4.798634206553169,4.836281906951478,2015-07-29 22:11:24+01:00
clean,clean,clean,clean,1.3862943611198906,1.3862943611198906,1.3862943611198906,0.9162907318741552,1.6094379124341005,1.6094379124341005,4.110873864173311,0,0.6931471805599453,0.0,0.0,5.099866427824199,4.805034422244507,4.948759890378168,2015-07-30 20:10:14+01:00
buggy,buggy,buggy,buggy,1.6094379124341005,2.3978952727983707,2.6390573296152584,1.405590763727929,5.204006687076795,5.010635294096256,4.900133378938011,1,0.6931471805599453,1.9616585060234524,2.302585092994046,5.10594547390058,4.81300747143081,4.955827057601261,2015-07-30 22:22:49+01:00
clean,buggy,buggy,buggy,0.6931471805599453,1.0986122886681098,1.3862943611198906,0.8430882593408268,1.6094379124341005,2.772588722239781,4.724433606814909,0,0.6931471805599453,0.2876820724517809,1.3862943611198906,5.111987788356544,4.821071056607555,4.859812404361672,2015-07-30 22:42:25+01:00
clean,clean,clean,clean,1.0986122886681098,1.0986122886681098,1.0986122886681098,0.6931471805599453,1.6094379124341005,1.6094379124341005,4.3694478524670215,0,0.6931471805599453,0.0,0.0,5.117993812416755,4.829096546527579,4.941642422609304,2015-07-30 22:42:41+01:00
buggy,buggy,buggy,buggy,1.3862943611198906,2.19722457733622,2.4849066497880004,1.2964953499963343,5.749392985908253,5.3471075307174685,4.981736879811183,0,0.6931471805599453,1.0560526742493137,1.9459101490553128,5.123963979403259,4.833906534685249,4.955827057601261,2015-08-01 12:42:03+01:00
buggy,clean,clean,clean,1.0986122886681098,2.3978952727983707,3.1354942159291497,1.5861806777257808,5.648974238161206,5.1647859739235145,4.609252750061802,0,0.6931471805599453,2.1400661634962708,2.772588722239781,5.1298987149230735,4.8415977232718,4.912654885736052,2015-08-01 15:30:10+01:00
clean,clean,clean,clean,1.0986122886681098,1.0986122886681098,1.0986122886681098,0.6931471805599453,1.9459101490553128,2.19722457733622,4.388257184424518,0,0.6931471805599453,0.0,0.0,5.135798437050262,4.84945939784082,4.962844630259907,2015-08-01 15:31:26+01:00
buggy,buggy,buggy,buggy,0.6931471805599453,0.6931471805599453,0.6931471805599453,0.0,1.0986122886681098,2.302585092994046,4.61512051684126,1,0.6931471805599453,0.0,0.6931471805599453,5.14166355650266,4.855339583805351,4.897839799950911,2015-08-02 14:33:31+01:00
buggy,buggy,buggy,buggy,0.6931471805599453,1.0986122886681098,1.0986122886681098,0.223049381146887,3.218875824868201,0.0,5.377590547442544,0,0.6931471805599453,0.0,0.6931471805599453,5.147494476813453,4.863067300883506,4.90527477843843,2015-08-02 14:54:12+01:00
clean,clean,clean,clean,1.0986122886681098,1.0986122886681098,1.0986122886681098,0.6931471805599453,1.6094379124341005,1.6094379124341005,4.375757021660286,0,0.6931471805599453,0.0,0.0,5.153291594497779,4.870761067040774,4.983606621708336,2015-08-02 14:56:33+01:00
buggy,buggy,buggy,buggy,0.6931471805599453,1.0986122886681098,1.6094379124341005,0.8689397438380501,2.8903717578961645,2.19722457733622,4.814214812922799,0,0.6931471805599453,1.0986122886681098,1.6094379124341005,5.159055299214529,4.8758877513328125,4.919980925828125,2015-08-03 20:52:13+01:00
clean,clean,clean,clean,0.6931471805599453,1.0986122886681098,1.0986122886681098,0.6514372054716632,1.0986122886681098,0.6931471805599453,4.505349850705881,0,0.6931471805599453,1.9459101490553128,0.6931471805599453,5.1647859739235145,4.883486515106242,4.927253685157205,2015-08-03 20:52:39+01:00
clean,clean,clean,clean,1.0986122886681098,1.0986122886681098,1.0986122886681098,0.6931471805599453,1.6094379124341005,1.6094379124341005,4.375757021660286,0,0.6931471805599453,0.0,0.0,5.170483995038151,4.891016475041445,5.003946305945459,2015-08-03 21:01:16+01:00
buggy,buggy,buggy,buggy,0.6931471805599453,0.6931471805599453,0.6931471805599453,0.0,2.4849066497880004,2.19722457733622,4.634728988229636,0,0.6931471805599453,1.6094379124341005,0.6931471805599453,5.176149732573829,4.8885714737590575,4.941642422609304,2015-08-08 19:14:51+01:00
clean,clean,clean,clean,1.0986122886681098,1.791759469228055,1.791759469228055,1.1037162642364315,3.688879454113936,1.791759469228055,4.672828834461906,0,0.6931471805599453,2.302585092994046,1.791759469228055,5.181783550292085,4.896075144113467,4.976733742420574,2015-08-08 19:15:03+01:00
buggy,buggy,buggy,buggy,1.0986122886681098,1.6094379124341005,1.9459101490553128,0.9631227793967444,3.4657359027997265,3.1354942159291497,4.700480365792417,0,0.6931471805599453,1.3217558399823195,1.6094379124341005,5.187385805840755,4.903493931632079,5.0238805208462765,2015-08-08 19:35:58+01:00
clean,clean,clean,clean,1.0986122886681098,1.3862943611198906,1.3862943611198906,0.9250237259893154,1.3862943611198906,1.0986122886681098,5.3471075307174685,1,0.6931471805599453,2.079441541679836,0.6931471805599453,5.19295685089021,4.909617209711799,5.030437921392435,2015-08-09 10:41:38+01:00
clean,clean,clean,clean,0.6931471805599453,0.6931471805599453,0.6931471805599453,0.0,1.0986122886681098,1.0986122886681098,1.9459101490553128,0,0.6931471805599453,0.0,0.0,5.198497031265826,4.916959438624994,1.3862943611198906,2015-08-09 10:45:55+01:00
clean,clean,clean,clean,0.6931471805599453,1.3862943611198906,1.3862943611198906,0.4078573637008783,4.356708826689592,1.3862943611198906,3.9765615265657175,0,0.6931471805599453,2.302585092994046,0.6931471805599453,5.204006687076795,4.9213591877780765,4.969813299576001,2015-08-10 21:04:43+01:00
clean,clean,clean,clean,0.6931471805599453,1.3862943611198906,1.6094379124341005,0.9190404422840192,4.584967478670572,4.007333185232471,4.356708826689592,0,0.6931471805599453,1.252762968495368,1.0986122886681098,5.209486152841421,4.926652605906005,4.976733742420574,2015-08-11 20:25:35+01:00
clean,clean,clean,clean,0.6931471805599453,0.6931471805599453,0.6931471805599453,0.0,2.6390573296152584,2.079441541679836,4.356708826689592,0,0.6931471805599453,0.0,0.6931471805599453,5.214935757608986,4.933874199607578,4.983606621708336,2015-08-11 20:27:42+01:00
clean,clean,clean,clean,0.6931471805599453,0.6931471805599453,0.6931471805599453,0.0,1.0986122886681098,2.3978952727983707,4.158883083359672,0,0.6931471805599453,0.0,0.6931471805599453,5.220355825078324,4.941045515780887,4.990432586778736,2015-08-11 20:28:44+01:00
clean,clean,clean,clean,0.6931471805599453,0.6931471805599453,1.0986122886681098,0.6514372054716632,1.3862943611198906,1.3862943611198906,4.248495242049359,0,0.6931471805599453,0.0,1.0986122886681098,5.225746673713202,4.948164883716918,4.997212273764115,2015-08-11 20:30:23+01:00
clean,clean,clean,clean,0.6931471805599453,0.6931471805599453,0.6931471805599453,0.0,0.0,0.6931471805599453,6.156978985585555,0,0.6931471805599453,1.0986122886681098,0.6931471805599453,5.231108616854587,4.955224778132667,4.406719247264253,2015-08-11 20:38:28+01:00
clean,clean,clean,clean,0.0,0.0,1.791759469228055,0.0,4.804021044733257,1.9459101490553128,0.0,1,0.0,0.0,0.0,5.236441962829949,4.962237939250385,0.0,2015-08-11 20:44:32+01:00
clean,clean,clean,clean,1.0986122886681098,1.0986122886681098,1.0986122886681098,0.5007888766979517,3.218875824868201,0.0,5.814130531825066,0,0.6931471805599453,2.19722457733622,1.0986122886681098,5.241747015059643,4.969201323263956,4.564348191467836,2015-08-11 20:51:12+01:00
clean,clean,clean,clean,1.0986122886681098,1.0986122886681098,1.0986122886681098,0.6931471805599453,1.6094379124341005,1.6094379124341005,4.375757021660286,0,0.6931471805599453,0.0,0.0,5.247024072160486,4.97612191743198,5.081404364984463,2015-08-11 20:54:03+01:00
clean,clean,clean,clean,0.6931471805599453,1.3862943611198906,1.3862943611198906,0.5371678325816673,4.418840607796598,1.6094379124341005,4.58836306767171,1,0.6931471805599453,4.276666119016055,1.0986122886681098,5.25227342804663,4.869802133334129,5.010635294096256,2015-10-09 11:30:29+01:00
clean,clean,clean,clean,0.6931471805599453,0.6931471805599453,0.6931471805599453,0.0,0.6931471805599453,0.6931471805599453,5.521460917862246,0,0.6931471805599453,4.127134385045092,0.6931471805599453,5.2574953720277815,4.877447483277171,5.017279836814924,2015-10-09 11:30:40+01:00
clean,clean,clean,clean,1.0986122886681098,1.0986122886681098,1.0986122886681098,0.6931471805599453,1.6094379124341005,1.6094379124341005,4.375757021660286,0,0.6931471805599453,0.0,0.0,5.262690188904886,4.883381138948812,5.099866427824199,2015-10-10 09:15:31+01:00
clean,clean,clean,clean,0.6931471805599453,0.6931471805599453,0.6931471805599453,0.0,1.0986122886681098,1.0986122886681098,4.189654742026425,0,0.6931471805599453,4.158883083359672,0.6931471805599453,5.267858159063328,4.890043630816916,3.871201010907891,2015-10-10 20:48:27+01:00
clean,clean,clean,clean,1.0986122886681098,1.6094379124341005,1.791759469228055,0.9933377665929818,4.189654742026425,4.90527477843843,4.750135956238277,0,0.6931471805599453,3.864232341591797,1.3862943611198906,5.272999558563747,4.888565207908023,5.0369526024136295,2015-10-15 18:42:58+01:00
clean,clean,clean,clean,1.0986122886681098,1.791759469228055,1.791759469228055,0.9428315579921436,3.4339872044851463,3.555348061489413,4.729156165769083,0,0.6931471805599453,3.149882953381249,1.3862943611198906,5.278114659230517,4.896052824177458,5.111987788356544,2015-10-15 18:55:54+01:00
clean,clean,clean,clean,0.6931471805599453,0.6931471805599453,0.6931471805599453,0.0,0.6931471805599453,0.6931471805599453,3.5263605246161616,0,0.6931471805599453,0.0,0.0,5.2832037287379885,4.9034943774398165,1.3862943611198906,2015-10-15 19:01:09+01:00
clean,clean,clean,clean,0.0,0.0,0.6931471805599453,0.0,0.6931471805599453,0.6931471805599453,0.0,0,0.0,0.0,0.0,5.288267030694535,4.910887396118405,0.0,2015-10-15 19:01:18+01:00
buggy,buggy,buggy,buggy,0.6931471805599453,0.6931471805599453,0.6931471805599453,0.0,0.6931471805599453,1.9459101490553128,4.709530201312334,0,0.6931471805599453,4.653960350157523,0.6931471805599453,5.293304824724492,4.852778544319808,5.043425116919247,2015-11-21 14:14:37+00:00
clean,clean,clean,clean,0.6931471805599453,0.6931471805599453,0.6931471805599453,0.0,3.044522437723423,2.19722457733622,3.49650756146648,0,0.6931471805599453,0.0,0.0,5.298317366548036,4.860532902988962,4.465908118654584,2015-11-21 14:33:01+00:00
clean,clean,clean,clean,0.6931471805599453,0.6931471805599453,0.6931471805599453,0.0,0.6931471805599453,0.6931471805599453,4.276666119016055,0,0.6931471805599453,4.700480365792417,0.6931471805599453,5.303304908059076,4.868211044128595,5.049856007249537,2015-11-21 15:04:59+00:00
buggy,buggy,buggy,clean,1.0986122886681098,1.0986122886681098,1.0986122886681098,0.6931471805599453,1.6094379124341005,1.6094379124341005,4.406719247264253,0,0.6931471805599453,0.0,0.0,5.308267697401205,4.8758571209858905,5.135798437050262,2015-11-21 15:14:38+00:00
clean,clean,clean,clean,1.0986122886681098,2.079441541679836,2.302585092994046,1.2882150346094914,5.099866427824199,4.912654885736052,4.738145868678891,1,0.6931471805599453,4.143134726391533,1.791759469228055,5.313205979041787,4.883015902595757,5.14166355650266,2015-11-21 21:18:49+00:00
clean,clean,clean,clean,0.6931471805599453,0.6931471805599453,0.6931471805599453,0.0,0.6931471805599453,0.6931471805599453,4.919980925828125,0,0.6931471805599453,0.0,0.0,5.318119993844216,4.889344288920282,5.068904202220232,2015-11-22 14:01:03+00:00
clean,clean,clean,clean,0.6931471805599453,0.6931471805599453,0.6931471805599453,0.0,3.1354942159291497,3.970291913552122,5.568344503761097,0,0.6931471805599453,5.017279836814924,0.6931471805599453,5.3230099791384085,4.8326469668898,5.075173815233827,2015-12-30 12:38:19+00:00
clean,clean,clean,clean,0.6931471805599453,0.6931471805599453,0.6931471805599453,0.0,0.6931471805599453,0.0,0.0,0,0.0,0.0,0.0,5.327876168789581,4.840402900771658,0.0,2015-12-30 15:14:29+00:00
clean,clean,clean,clean,0.6931471805599453,1.0986122886681098,1.0986122886681098,0.5940327421838975,2.19722457733622,2.5649493574615367,5.600272098286537,1,0.6931471805599453,5.003946305945459,1.0986122886681098,5.332718793265369,4.848272166848852,4.499809670330265,2015-12-30 15:17:34+00:00
clean,clean,clean,clean,1.3862943611198906,1.3862943611198906,1.3862943611198906,0.9497110013643236,1.791759469228055,2.079441541679836,4.253245844807957,0,0.6931471805599453,0.0,0.0,5.337538079701318,4.85604965401266,5.170483995038151,2015-12-30 15:46:58+00:00
clean,clean,clean,clean,0.6931471805599453,0.6931471805599453,0.6931471805599453,0.0,3.091042453358316,3.091042453358316,4.204692619390966,0,0.6931471805599453,0.0,0.6931471805599453,5.342334251964811,4.863782266830014,4.5217885770490405,2015-12-30 16:02:54+00:00
clean,clean,clean,clean,0.6931471805599453,0.6931471805599453,0.6931471805599453,0.0,0.6931471805599453,0.0,0.0,0,0.0,0.0,0.0,5.3471075307174685,4.87147315746684,0.0,2015-12-30 16:03:29+00:00
clean,clean,clean,clean,0.6931471805599453,0.6931471805599453,0.6931471805599453,0.0,0.6931471805599453,0.6931471805599453,2.9444389791664403,0,0.6931471805599453,0.0,0.0,5.351858133476067,4.878805262927469,2.302585092994046,2015-12-30 20:21:00+00:00
clean,clean,clean,clean,1.791759469228055,2.6390573296152584,2.8903717578961645,1.482650912850785,5.209486152841421,4.787491742782046,4.5557327535622205,0,0.6931471805599453,5.429345628954441,1.9459101490553128,0.0,0.0,5.241747015059643,2016-06-04 18:22:36+01:00
clean,clean,clean,clean,1.6094379124341005,2.995732273553991,4.343805421853684,1.871964242377689,7.103322062526113,6.933423025730715,4.578231632106068,0,1.0986122886681098,5.585346240637583,3.8501476017100575,0.6931471805599453,0.6921173967723551,5.220355825078324,2016-06-05 12:26:47+01:00
clean,clean,clean,clean,0.6931471805599453,0.6931471805599453,0.6931471805599453,0.0,1.0986122886681098,1.0986122886681098,4.060443010546419,0,0.6931471805599453,0.0,0.6931471805599453,5.356586274672012,4.653665622320911,5.099866427824199,2016-06-05 12:31:14+01:00
clean,clean,clean,clean,1.0986122886681098,1.0986122886681098,1.0986122886681098,0.6931471805599453,1.6094379124341005,1.6094379124341005,4.465908118654584,0,1.0986122886681098,0.0,0.0,5.3612921657094255,4.663142920641159,5.19295685089021,2016-06-05 12:35:52+01:00
clean,clean,clean,clean,1.6094379124341005,2.302585092994046,2.833213344056216,1.5478175158525092,4.634728988229636,3.7612001156935615,3.6867939476229146,0,1.0986122886681098,1.791759469228055,0.6931471805599453,0.0,0.0,5.225746673713202,2016-06-11 11:01:31+01:00
